OrderID,CustomerID,Gender,Age,State,CustomerType,OrderDate,PickupDate,DeliveryDate,ServiceName,QuantityOfClothes,WeightKg,LoadType,DeliveryType,Revenue,PaymentDate,PaymentAmount,PaymentMethod,LabourCost,ElectricityCost,WaterCost,DetergentCost,ChemicalCost,PackagingCost,FuelCost,MaintenanceCost,DiscountGiven,Tax,OtherCost,TotalExpense,NetProfit,PaymentStatus
1,89,Female,35,Texas,Student,1/18/2022,1/19/2022,1/23/2022,Mending,3,1.71,Mixed,Customer Pickup,3560.23,1/18/2022,3560.23,Online Payment,783.25,142.41,0,0,0,20,0,106.81,0,267.02,71.2,1390.69,2169.54,Paid
2,59,Male,34,New York,Student,12/11/2021,12/12/2021,12/16/2021,Ironing,23,7.16,Light,Customer Pickup,1735.82,12/16/2021,1735.82,Online Payment,312.45,86.79,0,0,0,50,0,52.07,0,130.19,34.72,666.22,1069.6,Paid
3,30,Male,31,Texas,Student,9/10/2021,9/11/2021,9/15/2021,Stain Removal,9,9.03,Heavy,Home Delivery,9772.47,9/15/2021,9772.47,Cash,2540.84,488.62,293.17,195.45,390.9,20,390.9,293.17,0,732.94,195.45,5541.44,4231.03,Paid
4,71,Male,39,Iowa,Regular,1/4/2022,1/5/2022,1/9/2022,Ironing,14,8.15,Mixed,Express,12557.33,1/4/2022,12557.33,Credit Card,2762.61,627.87,0,0,0,35,753.44,376.72,0,941.8,251.15,5748.59,6808.74,Paid
5,63,Female,55,Maryland,Student,8/30/2022,8/31/2022,9/4/2022,Dry Cleaning,7,4.25,Mixed,Customer Pickup,10891.14,9/4/2022,10891.14,Cash,2396.05,435.65,0,0,653.47,20,0,326.73,0,816.84,217.82,4866.56,6024.58,Paid
6,3,Male,39,Arizona,Student,7/18/2025,7/19/2025,7/23/2025,Laundry,17,10.83,Mixed,Home Delivery,5133.69,7/23/2025,5133.69,Online Payment,1129.41,308.02,205.35,256.68,0,35,205.35,154.01,0,385.03,102.67,2781.52,2352.17,Paid
7,25,Male,44,Tennessee,Student,6/23/2022,6/24/2022,6/28/2022,Laundry,13,7.35,Mixed,Home Delivery,7434.83,6/28/2022,7434.83,Cash,1635.66,371.74,297.39,371.74,0,35,297.39,223.04,0,557.61,148.7,3938.27,3496.56,Paid
8,16,Male,36,California,Student,9/27/2021,9/28/2021,10/2/2021,Dry Cleaning,20,5.88,Light,Express,7971.13,10/2/2021,7971.13,Online Payment,1434.8,398.56,0,0,478.27,35,478.27,239.13,0,597.83,159.42,3821.28,4149.85,Paid
9,4,Male,26,Washington,Regular,6/10/2022,6/11/2022,6/15/2022,Laundry,19,6.43,Light,Customer Pickup,6880.62,6/10/2022,6880.62,Online Payment,1238.51,344.03,275.22,344.03,0,35,0,206.42,0,516.05,137.61,3096.87,3783.75,Paid
10,71,Male,39,Iowa,Regular,12/30/2023,12/31/2023,1/4/2024,Laundry,27,13.92,Mixed,Customer Pickup,2310.46,1/4/2024,2310.46,Cash,508.3,138.63,92.42,115.52,0,50,0,69.31,0,173.28,46.21,1193.67,1116.79,Paid
11,42,Female,52,Nevada,Student,3/22/2022,3/23/2022,3/27/2022,Laundry,13,8.2,Mixed,Customer Pickup,3686.15,3/22/2022,3686.15,Online Payment,810.95,184.31,147.45,184.31,0,35,0,110.58,0,276.46,73.72,1822.78,1863.37,Paid
12,99,Female,51,Indiana,Student,12/9/2023,12/10/2023,12/14/2023,Ironing,28,7.11,Light,Home Delivery,2678.66,12/14/2023,2678.66,Cash,482.16,133.93,0,0,0,50,107.15,80.36,0,200.9,53.57,1108.07,1570.59,Paid
13,68,Male,19,Oklahoma,Walk-in,4/27/2023,4/28/2023,5/2/2023,Dry Cleaning,4,2.35,Mixed,Customer Pickup,14595.71,5/2/2023,14595.71,Credit Card,3211.06,583.83,0,0,875.74,20,0,437.87,729.79,1094.68,291.91,5785.3,8810.41,Paid
14,41,Female,54,California,Corporate,9/18/2025,9/19/2025,9/23/2025,Ironing,15,9.3,Mixed,Home Delivery,4876.39,9/19/2025,4876.39,Cash,1072.81,243.82,0,0,0,35,195.06,146.29,0,365.73,97.53,2156.24,2720.15,Paid
15,1,Female,59,North Carolina,Regular,6/25/2021,6/26/2021,6/30/2021,Laundry,22,6.04,Light,Customer Pickup,12300.01,6/25/2021,12300.01,Credit Card,2214,615,492,615,0,50,0,369,0,922.5,246,5523.5,6776.51,Paid
16,81,Male,35,Florida,Regular,4/13/2023,4/14/2023,4/18/2023,Dry Cleaning,6,3.74,Mixed,Home Delivery,8109.01,4/14/2023,8109.01,Cash,1783.98,324.36,0,0,486.54,20,324.36,243.27,0,608.18,162.18,3952.87,4156.14,Paid
17,4,Male,26,Washington,Regular,6/4/2024,6/5/2024,6/9/2024,Laundry,18,10.09,Mixed,Customer Pickup,5687.69,6/9/2024,5687.69,Cash,1251.29,341.26,227.51,284.38,0,35,0,170.63,0,426.58,113.75,2850.4,2837.29,Paid
18,75,Male,40,Texas,Student,7/20/2022,7/21/2022,7/25/2022,Ironing,9,5.22,Mixed,Home Delivery,1740.74,7/25/2022,1740.74,Cash,382.96,87.04,0,0,0,20,69.63,52.22,0,130.56,34.81,777.22,963.52,Paid
19,61,Female,44,Florida,Corporate,8/6/2024,8/7/2024,8/11/2024,Laundry,9,5.1,Mixed,Express,2242.43,8/11/2024,2242.43,Online Payment,493.33,112.12,89.7,112.12,0,20,134.55,67.27,0,168.18,44.85,1242.12,1000.31,Paid
20,81,Male,35,Florida,Regular,11/8/2024,11/9/2024,11/13/2024,Ironing,14,8.35,Mixed,Express,4456.6,11/13/2024,4456.6,Credit Card,980.45,222.83,0,0,0,35,267.4,133.7,0,334.25,89.13,2062.76,2393.84,Paid
21,21,Male,29,New York,Regular,9/27/2025,9/28/2025,10/2/2025,Stain Removal,15,9.49,Mixed,Home Delivery,10693.07,9/28/2025,10693.07,Cash,2352.48,534.65,320.79,213.86,427.72,35,427.72,320.79,0,801.98,213.86,5648.85,5044.22,Paid
22,60,Male,19,Georgia,Corporate,5/14/2023,5/15/2023,5/19/2023,Dry Cleaning,22,12.57,Mixed,Customer Pickup,1006.28,5/19/2023,1006.28,Cash,221.38,60.38,0,0,60.38,50,0,30.19,0,75.47,20.13,517.93,488.35,Paid
23,39,Female,64,Kentucky,Regular,12/18/2024,12/19/2024,12/23/2024,Dry Cleaning,9,5.49,Mixed,Home Delivery,5046.44,12/23/2024,5046.44,Credit Card,1110.22,252.32,0,0,302.79,20,201.86,151.39,0,378.48,100.93,2517.99,2528.45,Paid
24,14,Male,31,Tennessee,Regular,5/1/2025,5/2/2025,5/6/2025,Laundry,10,5.38,Mixed,Home Delivery,13211.19,5/6/2025,13211.19,Cash,2906.46,660.56,528.45,660.56,0,20,528.45,396.34,0,990.84,264.22,6955.88,6255.31,Paid
25,52,Female,47,Indiana,Regular,2/28/2024,2/29/2024,3/4/2024,Laundry,14,3.58,Light,Customer Pickup,4042.28,3/4/2024,4042.28,Cash,727.61,161.69,161.69,202.11,0,35,0,121.27,0,303.17,80.85,1793.39,2248.89,Paid
26,19,Male,20,Georgia,Student,12/31/2023,1/1/2024,1/5/2024,Ironing,22,12.72,Mixed,Customer Pickup,11850.92,1/5/2024,11850.92,Online Payment,2607.2,711.06,0,0,0,50,0,355.53,0,888.82,237.02,4849.63,7001.29,Paid
27,39,Female,64,Kentucky,Regular,12/21/2021,12/22/2021,12/26/2021,Laundry,3,0.88,Light,Home Delivery,13700.52,12/26/2021,13700.52,Online Payment,2466.09,548.02,548.02,685.03,0,20,548.02,411.02,0,1027.54,274.01,6527.75,7172.77,Paid
28,35,Female,64,Utah,Student,11/11/2025,11/12/2025,11/16/2025,Laundry,30,17.81,Mixed,Customer Pickup,9489.49,11/11/2025,9489.49,Online Payment,2087.69,569.37,379.58,474.47,0,50,0,284.68,0,711.71,189.79,4747.29,4742.2,Paid
29,57,Female,45,California,Regular,8/30/2023,8/31/2023,9/4/2023,Ironing,17,10.57,Mixed,Home Delivery,6729.55,9/4/2023,6729.55,Credit Card,1480.5,403.77,0,0,0,35,269.18,201.89,0,504.72,134.59,3029.65,3699.9,Paid
30,83,Female,50,Alabama,Regular,12/12/2025,12/13/2025,12/17/2025,Dry Cleaning,3,0.81,Light,Customer Pickup,11409.38,12/13/2025,11409.38,Online Payment,2053.69,456.38,0,0,684.56,20,0,342.28,0,855.7,228.19,4640.8,6768.58,Paid
31,41,Female,54,California,Corporate,6/24/2023,6/25/2023,6/29/2023,Mending,17,9.8,Mixed,Home Delivery,14077.22,6/24/2023,14077.22,Online Payment,3096.99,703.86,0,0,0,35,563.09,422.32,0,1055.79,281.54,6158.59,7918.63,Paid
32,54,Male,32,Pennsylvania,Regular,6/24/2025,6/25/2025,6/29/2025,Laundry,23,25.19,Heavy,Customer Pickup,10776.04,6/24/2025,10776.04,Online Payment,2801.77,646.56,431.04,538.8,0,50,0,323.28,0,808.2,215.52,5815.17,4960.87,Paid
33,49,Male,29,Alabama,Regular,10/6/2021,10/7/2021,10/11/2021,Laundry,9,5.03,Mixed,Home Delivery,12205.47,10/7/2021,12205.47,Cash,2685.2,610.27,488.22,610.27,0,20,488.22,366.16,0,915.41,244.11,6427.86,5777.61,Paid
34,82,Male,32,Florida,Regular,9/19/2024,9/20/2024,9/24/2024,Laundry,3,1.05,Light,Customer Pickup,2058.29,9/24/2024,2058.29,Credit Card,370.49,82.33,82.33,102.91,0,20,0,61.75,0,154.37,41.17,915.35,1142.94,Paid
35,60,Male,19,Georgia,Corporate,12/10/2024,12/11/2024,12/15/2024,Dry Cleaning,22,13.64,Mixed,Customer Pickup,6106.72,12/15/2024,6106.72,Online Payment,1343.48,366.4,0,0,366.4,50,0,183.2,0,458,122.13,2889.61,3217.11,Paid
36,57,Female,45,California,Regular,12/13/2022,12/14/2022,12/18/2022,Ironing,20,5.03,Light,Customer Pickup,1816.44,12/18/2022,1816.44,Cash,326.96,90.82,0,0,0,35,0,54.49,90.82,136.23,36.33,589.01,1227.43,Paid
37,1,Female,59,North Carolina,Regular,11/14/2023,11/15/2023,11/19/2023,Dry Cleaning,28,8.91,Light,Home Delivery,4522.63,11/19/2023,4522.63,Credit Card,814.07,226.13,0,0,271.36,50,180.91,135.68,0,339.2,90.45,2107.8,2414.83,Paid
38,37,Male,29,Georgia,Student,10/3/2022,10/4/2022,10/8/2022,Stain Removal,16,4.58,Light,Customer Pickup,7693.38,10/3/2022,7693.38,Online Payment,1384.81,307.74,230.8,153.87,307.74,35,0,230.8,0,577,153.87,3381.63,4311.75,Paid
39,80,Male,27,Connecticut,Regular,11/26/2025,11/27/2025,12/1/2025,Laundry,19,11.71,Mixed,Customer Pickup,2618.53,12/1/2025,2618.53,Credit Card,576.08,157.11,104.74,130.93,0,35,0,78.56,0,196.39,52.37,1331.18,1287.35,Paid
40,89,Female,35,Texas,Student,11/4/2023,11/5/2023,11/9/2023,Laundry,15,15.51,Heavy,Customer Pickup,849.71,11/9/2023,849.71,Cash,220.92,50.98,33.99,42.49,0,35,0,25.49,0,63.73,16.99,489.59,360.12,Paid
41,3,Male,39,Arizona,Student,11/9/2021,11/10/2021,11/14/2021,Ironing,12,3.69,Light,Customer Pickup,12683.27,11/10/2021,12683.27,Cash,2282.99,507.33,0,0,0,35,0,380.5,0,951.25,253.67,4410.74,8272.53,Paid
42,49,Male,29,Alabama,Regular,2/27/2023,2/28/2023,3/4/2023,Laundry,24,13.92,Mixed,Customer Pickup,13208.01,3/4/2023,13208.01,Credit Card,2905.76,792.48,528.32,660.4,0,50,0,396.24,0,990.6,264.16,6587.96,6620.05,Paid
43,37,Male,29,Georgia,Student,6/22/2022,6/23/2022,6/27/2022,Ironing,11,11.92,Heavy,Customer Pickup,6585.77,6/27/2022,6585.77,Cash,1712.3,395.15,0,0,0,35,0,197.57,329.29,493.93,131.72,2636.38,3949.39,Paid
44,35,Female,64,Utah,Student,10/30/2021,10/31/2021,11/4/2021,Stain Removal,23,11.93,Mixed,Customer Pickup,11216.09,11/4/2021,11216.09,Credit Card,2467.54,672.97,336.48,224.32,448.64,50,0,336.48,0,841.21,224.32,5601.96,5614.13,Paid
45,65,Male,44,Michigan,Regular,6/23/2021,6/24/2021,6/28/2021,Dry Cleaning,20,12.35,Mixed,Customer Pickup,13052.23,6/28/2021,13052.23,Credit Card,2871.49,783.13,0,0,783.13,35,0,391.57,0,978.92,261.04,6104.28,6947.95,Paid
46,18,Female,61,Massachusetts,Regular,10/5/2021,10/6/2021,10/10/2021,Laundry,2,0.61,Light,Home Delivery,12784.33,10/10/2021,12784.33,Cash,2301.18,511.37,511.37,639.22,0,20,511.37,383.53,0,958.82,255.69,6092.55,6691.78,Paid
47,96,Male,27,Florida,Corporate,3/4/2023,3/5/2023,3/9/2023,Laundry,21,11.74,Mixed,Customer Pickup,2552.73,3/9/2023,2552.73,Cash,561.6,153.16,102.11,127.64,0,50,0,76.58,0,191.45,51.05,1313.59,1239.14,Paid
48,24,Female,47,District of Columbia,Regular,1/18/2023,1/19/2023,1/23/2023,Laundry,15,8.21,Mixed,Customer Pickup,14326.08,1/23/2023,14326.08,Credit Card,3151.74,716.3,573.04,716.3,0,35,0,429.78,0,1074.46,286.52,6983.14,7342.94,Paid
49,33,Female,44,Virginia,Regular,7/5/2025,7/6/2025,7/10/2025,Laundry,8,2.32,Light,Customer Pickup,13302.22,7/10/2025,13302.22,Cash,2394.4,532.09,532.09,665.11,0,20,0,399.07,0,997.67,266.04,5806.47,7495.75,Paid
50,92,Female,37,New York,Regular,4/28/2022,4/29/2022,5/3/2022,Dry Cleaning,12,3.08,Light,Customer Pickup,2733.6,5/3/2022,2733.6,Credit Card,492.05,109.34,0,0,164.02,35,0,82.01,0,205.02,54.67,1142.11,1591.49,Paid
51,60,Male,19,Georgia,Corporate,11/4/2025,11/5/2025,11/9/2025,Laundry,15,7.76,Mixed,Customer Pickup,5207.51,11/9/2025,5207.51,Credit Card,1145.65,260.38,208.3,260.38,0,35,0,156.23,0,390.56,104.15,2560.65,2646.86,Paid
52,23,Male,34,California,Student,12/9/2024,12/10/2024,12/14/2024,Laundry,16,8.91,Mixed,Customer Pickup,9673.75,12/14/2024,9673.75,Credit Card,2128.23,483.69,386.95,483.69,0,35,0,290.21,0,725.53,193.48,4726.78,4946.97,Paid
53,36,Female,37,Texas,Corporate,10/12/2022,10/13/2022,10/17/2022,Laundry,29,16.87,Mixed,Customer Pickup,12635.1,10/17/2022,12635.1,Online Payment,2779.72,758.11,505.4,631.76,0,50,0,379.05,0,947.63,252.7,6304.37,6330.73,Paid
54,10,Male,22,New Jersey,Regular,6/26/2024,6/27/2024,7/1/2024,Stain Removal,11,3.41,Light,Home Delivery,12795.59,6/27/2024,12795.59,Online Payment,2303.21,511.82,383.87,255.91,511.82,35,511.82,383.87,0,959.67,255.91,6112.9,6682.69,Paid
55,41,Female,54,California,Corporate,12/19/2023,12/20/2023,12/24/2023,Laundry,9,8.13,Heavy,Customer Pickup,4569.89,12/24/2023,4569.89,Credit Card,1188.17,228.49,182.8,228.49,0,20,0,137.1,0,342.74,91.4,2419.19,2150.7,Paid
56,76,Male,37,Iowa,Student,8/27/2021,8/28/2021,9/1/2021,Ironing,2,1.28,Mixed,Home Delivery,8136.59,8/27/2021,8136.59,Credit Card,1790.05,325.46,0,0,0,20,325.46,244.1,0,610.24,162.73,3478.04,4658.55,Paid
57,56,Female,57,Georgia,Regular,1/8/2023,1/9/2023,1/13/2023,Laundry,28,16.6,Mixed,Customer Pickup,7628.81,1/13/2023,7628.81,Cash,1678.34,457.73,305.15,381.44,0,50,0,228.86,0,572.16,152.58,3826.26,3802.55,Paid
58,52,Female,47,Indiana,Regular,10/31/2022,11/1/2022,11/5/2022,Ironing,2,1.09,Mixed,Customer Pickup,1387.61,11/5/2022,1387.61,Online Payment,305.27,55.5,0,0,0,20,0,41.63,0,104.07,27.75,554.22,833.39,Paid
59,91,Female,50,Indiana,Walk-in,8/25/2025,8/26/2025,8/30/2025,Dry Cleaning,6,1.91,Light,Customer Pickup,6589.23,8/30/2025,6589.23,Credit Card,1186.06,263.57,0,0,395.35,20,0,197.68,0,494.19,131.78,2688.63,3900.6,Paid
60,97,Male,29,Alabama,Corporate,2/23/2023,2/24/2023,2/28/2023,Laundry,21,6.21,Light,Customer Pickup,5356.04,2/23/2023,5356.04,Online Payment,964.09,267.8,214.24,267.8,0,50,0,160.68,0,401.7,107.12,2433.43,2922.61,Paid
61,11,Female,49,Kentucky,Regular,12/17/2025,12/18/2025,12/22/2025,Ironing,22,11.87,Mixed,Customer Pickup,12762.65,12/17/2025,12762.65,Credit Card,2807.78,765.76,0,0,0,50,0,382.88,0,957.2,255.25,5218.87,7543.78,Paid
62,65,Male,44,Michigan,Regular,8/13/2023,8/14/2023,8/18/2023,Laundry,5,1.72,Light,Customer Pickup,9991.64,8/18/2023,9991.64,Cash,1798.5,399.67,399.67,499.58,0,20,0,299.75,499.58,749.37,199.83,3866.79,6124.85,Paid
63,92,Female,37,New York,Regular,11/21/2022,11/22/2022,11/26/2022,Stain Removal,29,9.91,Light,Home Delivery,1976.79,11/26/2022,1976.79,Online Payment,355.82,98.84,59.3,39.54,79.07,50,79.07,59.3,0,148.26,39.54,1008.74,968.05,Paid
64,66,Male,42,New York,Student,11/13/2024,11/14/2024,11/18/2024,Laundry,22,13.52,Mixed,Customer Pickup,14108.42,11/18/2024,14108.42,Online Payment,3103.85,846.51,564.34,705.42,0,50,0,423.25,0,1058.13,282.17,7033.67,7074.75,Paid
65,52,Female,47,Indiana,Regular,2/15/2021,2/16/2021,2/20/2021,Laundry,22,5.65,Light,Customer Pickup,4420.38,2/20/2021,4420.38,Credit Card,795.67,221.02,176.82,221.02,0,50,0,132.61,0,331.53,88.41,2017.08,2403.3,Paid
66,61,Female,44,Florida,Corporate,6/1/2023,6/2/2023,6/6/2023,Dry Cleaning,17,8.62,Mixed,Customer Pickup,11607.1,6/6/2023,11607.1,Cash,2553.56,580.36,0,0,696.43,35,0,348.21,0,870.53,232.14,5316.23,6290.87,Paid
67,51,Female,39,California,Corporate,11/21/2022,11/22/2022,11/26/2022,Laundry,21,5.32,Light,Home Delivery,8049.7,11/26/2022,8049.7,Cash,1448.95,402.49,321.99,402.49,0,50,321.99,241.49,0,603.73,160.99,3954.12,4095.58,Paid
68,70,Female,42,Georgia,Corporate,7/16/2023,7/17/2023,7/21/2023,Dry Cleaning,18,4.56,Light,Customer Pickup,10921.23,7/21/2023,10921.23,Credit Card,1965.82,436.85,0,0,655.27,35,0,327.64,0,819.09,218.42,4458.09,6463.14,Paid
69,95,Male,34,Nevada,Regular,12/21/2022,12/22/2022,12/26/2022,Laundry,21,5.38,Light,Express,9086.59,12/26/2022,9086.59,Cash,1635.59,454.33,363.46,454.33,0,50,545.2,272.6,0,681.49,181.73,4638.73,4447.86,Paid
70,66,Male,42,New York,Student,2/18/2025,2/19/2025,2/23/2025,Dry Cleaning,12,3.25,Light,Customer Pickup,7514.72,2/18/2025,7514.72,Online Payment,1352.65,300.59,0,0,450.88,35,0,225.44,0,563.6,150.29,3078.45,4436.27,Paid
71,43,Male,34,California,Regular,8/10/2022,8/11/2022,8/15/2022,Ironing,8,2.7,Light,Customer Pickup,7963.67,8/15/2022,7963.67,Cash,1433.46,318.55,0,0,0,20,0,238.91,0,597.28,159.27,2767.47,5196.2,Paid
72,15,Male,20,Colorado,Student,3/12/2025,3/13/2025,3/17/2025,Laundry,3,1.82,Mixed,Home Delivery,1951.47,3/12/2025,1951.47,Online Payment,429.32,78.06,78.06,97.57,0,20,78.06,58.54,0,146.36,39.03,1025,926.47,Paid
73,49,Male,29,Alabama,Regular,10/31/2022,11/1/2022,11/5/2022,Dry Cleaning,30,10.45,Light,Customer Pickup,5140.96,10/31/2022,5140.96,Credit Card,925.37,308.46,0,0,308.46,50,0,154.23,0,385.57,102.82,2234.91,2906.05,Paid
74,96,Male,27,Florida,Corporate,9/28/2024,9/29/2024,10/3/2024,Stain Removal,19,19.56,Heavy,Home Delivery,8952.84,9/28/2024,8952.84,Online Payment,2327.74,537.17,268.59,179.06,358.11,35,358.11,268.59,0,671.46,179.06,5182.89,3769.95,Paid
75,35,Female,64,Utah,Student,1/1/2025,1/2/2025,1/6/2025,Mending,30,31.82,Heavy,Customer Pickup,1488.86,1/6/2025,1488.86,Cash,387.1,89.33,0,0,0,50,0,44.67,0,111.66,29.78,712.54,776.32,Paid
76,85,Male,24,Massachusetts,Student,5/10/2021,5/11/2021,5/15/2021,Laundry,9,4.57,Mixed,Customer Pickup,5217.02,5/11/2021,5217.02,Cash,1147.74,208.68,208.68,260.85,0,20,0,156.51,0,391.28,104.34,2498.08,2718.94,Paid
77,21,Male,29,New York,Regular,1/15/2025,1/16/2025,1/20/2025,Ironing,18,5.65,Light,Customer Pickup,8404.22,1/20/2025,8404.22,Cash,1512.76,420.21,0,0,0,35,0,252.13,0,630.32,168.08,3018.5,5385.72,Paid
78,51,Female,39,California,Corporate,10/1/2022,10/2/2022,10/6/2022,Laundry,25,6.38,Light,Home Delivery,4567.03,10/6/2022,4567.03,Cash,822.07,228.35,182.68,228.35,0,50,182.68,137.01,0,342.53,91.34,2265.01,2302.02,Paid
79,88,Female,48,District of Columbia,Student,11/14/2022,11/15/2022,11/19/2022,Laundry,21,5.96,Light,Home Delivery,4179.84,11/15/2022,4179.84,Cash,752.37,208.99,167.19,208.99,0,50,167.19,125.4,208.99,313.49,83.6,1868.23,2311.61,Paid
80,90,Male,42,North Carolina,Corporate,7/17/2023,7/18/2023,7/22/2023,Dry Cleaning,17,9.85,Mixed,Customer Pickup,2407.09,7/22/2023,2407.09,Online Payment,529.56,120.35,0,0,144.43,35,0,72.21,0,180.53,48.14,1130.22,1276.87,Paid
81,84,Female,58,Colorado,Walk-in,3/25/2023,3/26/2023,3/30/2023,Laundry,16,5.01,Light,Home Delivery,14670.66,3/26/2023,14670.66,Cash,2640.72,733.53,586.83,733.53,0,35,586.83,440.12,0,1100.3,293.41,7150.27,7520.39,Paid
82,50,Male,42,Maryland,Regular,1/15/2025,1/16/2025,1/20/2025,Laundry,23,7.05,Light,Customer Pickup,11332.64,1/15/2025,11332.64,Credit Card,2039.88,566.63,453.31,566.63,0,50,0,339.98,0,849.95,226.65,5093.03,6239.61,Paid
83,99,Female,51,Indiana,Student,5/10/2025,5/11/2025,5/15/2025,Laundry,20,12.82,Mixed,Customer Pickup,14342.74,5/15/2025,14342.74,Cash,3155.4,860.56,573.71,717.14,0,35,0,430.28,717.14,1075.71,286.85,6417.51,7925.23,Paid
84,44,Male,37,New York,Student,4/29/2025,4/30/2025,5/4/2025,Dry Cleaning,15,7.52,Mixed,Home Delivery,9314.66,4/30/2025,9314.66,Online Payment,2049.23,465.73,0,0,558.88,35,372.59,279.44,465.73,698.6,186.29,4180.03,5134.63,Paid
85,22,Female,51,Pennsylvania,Regular,5/12/2023,5/13/2023,5/17/2023,Laundry,11,5.86,Mixed,Home Delivery,4729.6,5/17/2023,4729.6,Cash,1040.51,236.48,189.18,236.48,0,35,189.18,141.89,0,354.72,94.59,2518.03,2211.57,Paid
86,78,Male,22,Florida,Regular,11/1/2023,11/2/2023,11/6/2023,Dry Cleaning,20,5.15,Light,Express,12486.16,11/6/2023,12486.16,Cash,2247.51,624.31,0,0,749.17,35,749.17,374.58,0,936.46,249.72,5965.92,6520.24,Paid
87,21,Male,29,New York,Regular,2/11/2021,2/12/2021,2/16/2021,Stain Removal,5,5.07,Heavy,Customer Pickup,11574.62,2/16/2021,11574.62,Credit Card,3009.4,578.73,347.24,231.49,462.98,20,0,347.24,0,868.1,231.49,6096.67,5477.95,Paid
88,73,Female,60,Ohio,Regular,12/18/2025,12/19/2025,12/23/2025,Ironing,7,3.85,Mixed,Home Delivery,10853.85,12/18/2025,10853.85,Credit Card,2387.85,434.15,0,0,0,20,434.15,325.62,0,814.04,217.08,4632.89,6220.96,Paid
89,100,Male,27,Colorado,Walk-in,9/19/2024,9/20/2024,9/24/2024,Laundry,14,8.11,Mixed,Customer Pickup,13520.46,9/24/2024,13520.46,Credit Card,2974.5,676.02,540.82,676.02,0,35,0,405.61,0,1014.03,270.41,6592.41,6928.05,Paid
90,79,Female,50,Vermont,Regular,10/2/2023,10/3/2023,10/7/2023,Ironing,25,14.89,Mixed,Customer Pickup,1960.55,10/7/2023,1960.55,Credit Card,431.32,117.63,0,0,0,50,0,58.82,0,147.04,39.21,844.02,1116.53,Paid
91,97,Male,29,Alabama,Corporate,12/31/2021,1/1/2022,1/5/2022,Laundry,6,5.9,Heavy,Home Delivery,10680.81,1/5/2022,10680.81,Credit Card,2777.01,534.04,427.23,534.04,0,20,427.23,320.42,0,801.06,213.62,6054.65,4626.16,Paid
92,46,Male,31,Texas,Regular,7/24/2022,7/25/2022,7/29/2022,Dry Cleaning,12,6.25,Mixed,Customer Pickup,12887.32,7/29/2022,12887.32,Cash,2835.21,644.37,0,0,773.24,35,0,386.62,0,966.55,257.75,5898.74,6988.58,Paid
93,40,Male,37,Minnesota,Regular,12/1/2025,12/2/2025,12/6/2025,Laundry,10,6.3,Mixed,Home Delivery,14926.37,12/6/2025,14926.37,Cash,3283.8,746.32,597.05,746.32,0,20,597.05,447.79,0,1119.48,298.53,7856.34,7070.03,Paid
94,59,Male,34,New York,Student,1/31/2023,2/1/2023,2/5/2023,Laundry,19,12.11,Mixed,Customer Pickup,2977.39,2/5/2023,2977.39,Online Payment,655.03,178.64,119.1,148.87,0,35,0,89.32,0,223.3,59.55,1508.81,1468.58,Paid
95,77,Male,29,District of Columbia,Corporate,6/17/2025,6/18/2025,6/22/2025,Ironing,10,6.46,Mixed,Customer Pickup,13082.68,6/22/2025,13082.68,Cash,2878.19,654.13,0,0,0,20,0,392.48,0,981.2,261.65,5187.65,7895.03,Paid
96,7,Female,64,New Mexico,Regular,2/10/2025,2/11/2025,2/15/2025,Laundry,22,5.74,Light,Home Delivery,12812.75,2/15/2025,12812.75,Credit Card,2306.3,640.64,512.51,640.64,0,50,512.51,384.38,0,960.96,256.26,6264.2,6548.55,Paid
97,2,Male,41,Utah,Regular,3/23/2025,3/24/2025,3/28/2025,Dry Cleaning,5,2.98,Mixed,Customer Pickup,14622.72,3/28/2025,14622.72,Cash,3217,584.91,0,0,877.36,20,0,438.68,0,1096.7,292.45,6527.1,8095.62,Paid
98,89,Female,35,Texas,Student,2/11/2025,2/12/2025,2/16/2025,Stain Removal,28,17.71,Mixed,Express,11864.82,2/16/2025,11864.82,Cash,2610.26,711.89,355.94,237.3,474.59,50,711.89,355.94,0,889.86,237.3,6634.97,5229.85,Paid
99,39,Female,64,Kentucky,Regular,3/11/2022,3/12/2022,3/16/2022,Laundry,21,19.85,Heavy,Customer Pickup,12021.44,3/16/2022,12021.44,Cash,3125.57,721.29,480.86,601.07,0,50,0,360.64,0,901.61,240.43,6481.47,5539.97,Paid
100,28,Male,36,Oregon,Regular,3/19/2022,3/20/2022,3/24/2022,Mending,11,3.6,Light,Customer Pickup,10825,3/19/2022,10825,Online Payment,1948.5,433,0,0,0,35,0,324.75,541.25,811.88,216.5,3228.38,7596.62,Paid
101,23,Male,34,California,Student,12/14/2025,12/15/2025,12/19/2025,Laundry,16,4.66,Light,Home Delivery,7326.18,12/15/2025,7326.18,Cash,1318.71,293.05,293.05,366.31,0,35,293.05,219.79,0,549.46,146.52,3514.94,3811.24,Paid
102,31,Male,39,New York,Student,11/21/2023,11/22/2023,11/26/2023,Laundry,27,8.77,Light,Home Delivery,4285.41,11/22/2023,4285.41,Cash,771.37,214.27,171.42,214.27,0,50,171.42,128.56,0,321.41,85.71,2128.43,2156.98,Paid
103,84,Female,58,Colorado,Walk-in,2/7/2021,2/8/2021,2/12/2021,Ironing,6,3.45,Mixed,Home Delivery,2194.49,2/8/2021,2194.49,Cash,482.79,87.78,0,0,0,20,87.78,65.83,0,164.59,43.89,952.66,1241.83,Paid
104,28,Male,36,Oregon,Regular,10/4/2021,10/5/2021,10/9/2021,Laundry,22,11.86,Mixed,Customer Pickup,14690.59,10/4/2021,14690.59,Online Payment,3231.93,881.44,587.62,734.53,0,50,0,440.72,0,1101.79,293.81,7321.84,7368.75,Paid
105,87,Male,34,Ohio,Regular,1/29/2025,1/30/2025,2/3/2025,Ironing,14,8.67,Mixed,Home Delivery,6516.49,2/3/2025,6516.49,Credit Card,1433.63,325.82,0,0,0,35,260.66,195.49,325.82,488.74,130.33,2543.85,3972.64,Paid
106,50,Male,42,Maryland,Regular,1/7/2022,1/8/2022,1/12/2022,Mending,20,5.41,Light,Home Delivery,7612.95,1/8/2022,7612.95,Cash,1370.33,380.65,0,0,0,35,304.52,228.39,0,570.97,152.26,3042.12,4570.83,Paid
107,88,Female,48,District of Columbia,Student,1/27/2021,1/28/2021,2/1/2021,Ironing,30,17.85,Mixed,Customer Pickup,10049.88,1/28/2021,10049.88,Online Payment,2210.97,602.99,0,0,0,50,0,301.5,0,753.74,201,4120.2,5929.68,Paid
108,92,Female,37,New York,Regular,1/7/2023,1/8/2023,1/12/2023,Laundry,5,1.53,Light,Customer Pickup,8611.75,1/7/2023,8611.75,Online Payment,1550.12,344.47,344.47,430.59,0,20,0,258.35,0,645.88,172.24,3766.12,4845.63,Paid
109,95,Male,34,Nevada,Regular,4/27/2024,4/28/2024,5/2/2024,Laundry,19,20.13,Heavy,Customer Pickup,4208.67,5/2/2024,4208.67,Credit Card,1094.25,252.52,168.35,210.43,0,35,0,126.26,0,315.65,84.17,2286.63,1922.04,Paid
110,97,Male,29,Alabama,Corporate,11/5/2024,11/6/2024,11/10/2024,Dry Cleaning,7,2.21,Light,Customer Pickup,13641.16,11/10/2024,13641.16,Cash,2455.41,545.65,0,0,818.47,20,0,409.23,0,1023.09,272.82,5544.67,8096.49,Paid
111,1,Female,59,North Carolina,Regular,10/15/2024,10/16/2024,10/20/2024,Stain Removal,16,9.74,Mixed,Home Delivery,5332.85,10/16/2024,5332.85,Cash,1173.23,266.64,159.99,106.66,213.31,35,213.31,159.99,0,399.96,106.66,2834.75,2498.1,Paid
112,12,Female,46,West Virginia,Regular,1/25/2023,1/26/2023,1/30/2023,Dry Cleaning,10,3.14,Light,Home Delivery,6396.58,1/30/2023,6396.58,Cash,1151.38,255.86,0,0,383.79,20,255.86,191.9,0,479.74,127.93,2866.46,3530.12,Paid
113,55,Male,21,New York,Student,11/30/2025,12/1/2025,12/5/2025,Dry Cleaning,2,1.61,Heavy,Customer Pickup,6457.11,11/30/2025,6457.11,Online Payment,1678.85,258.28,0,0,387.43,20,0,193.71,0,484.28,129.14,3151.69,3305.42,Paid
114,41,Female,54,California,Corporate,9/17/2021,9/18/2021,9/22/2021,Dry Cleaning,12,6.32,Mixed,Customer Pickup,7240.1,9/22/2021,7240.1,Credit Card,1592.82,362.01,0,0,434.41,35,0,217.2,0,543.01,144.8,3329.25,3910.85,Paid
115,37,Male,29,Georgia,Student,6/11/2025,6/12/2025,6/16/2025,Ironing,20,6.68,Light,Home Delivery,13631.86,6/16/2025,13631.86,Cash,2453.73,681.59,0,0,0,35,545.27,408.96,0,1022.39,272.64,5419.58,8212.28,Paid
116,63,Female,55,Maryland,Student,3/12/2024,3/13/2024,3/17/2024,Mending,21,12.56,Mixed,Customer Pickup,2980.53,3/17/2024,2980.53,Credit Card,655.72,178.83,0,0,0,50,0,89.42,0,223.54,59.61,1257.12,1723.41,Paid
117,4,Male,26,Washington,Regular,10/11/2025,10/12/2025,10/16/2025,Dry Cleaning,23,14.12,Mixed,Home Delivery,7206.13,10/16/2025,7206.13,Online Payment,1585.35,432.37,0,0,432.37,50,288.25,216.18,360.31,540.46,144.12,3328.79,3877.34,Paid
118,29,Female,54,Florida,Student,1/27/2023,1/28/2023,2/1/2023,Mending,10,3.33,Light,Home Delivery,3198.81,1/28/2023,3198.81,Cash,575.79,127.95,0,0,0,20,127.95,95.96,0,239.91,63.98,1251.54,1947.27,Paid
119,34,Male,31,District of Columbia,Regular,3/31/2023,4/1/2023,4/5/2023,Laundry,19,11.94,Mixed,Customer Pickup,5361.19,4/5/2023,5361.19,Online Payment,1179.46,321.67,214.45,268.06,0,35,0,160.84,0,402.09,107.22,2688.79,2672.4,Paid
120,81,Male,35,Florida,Regular,12/20/2025,12/21/2025,12/25/2025,Ironing,10,6.21,Mixed,Home Delivery,8852.56,12/25/2025,8852.56,Cash,1947.56,442.63,0,0,0,20,354.1,265.58,0,663.94,177.05,3870.86,4981.7,Paid
121,4,Male,26,Washington,Regular,8/28/2022,8/29/2022,9/2/2022,Laundry,28,8.28,Light,Customer Pickup,5478.42,9/2/2022,5478.42,Cash,986.12,273.92,219.14,273.92,0,50,0,164.35,0,410.88,109.57,2487.9,2990.52,Paid
122,77,Male,29,District of Columbia,Corporate,5/3/2021,5/4/2021,5/8/2021,Laundry,11,6.94,Mixed,Customer Pickup,13902.64,5/4/2021,13902.64,Cash,3058.58,695.13,556.11,695.13,0,35,0,417.08,0,1042.7,278.05,6777.78,7124.86,Paid
123,70,Female,42,Georgia,Corporate,1/8/2025,1/9/2025,1/13/2025,Stain Removal,16,10.35,Mixed,Home Delivery,4664.54,1/13/2025,4664.54,Credit Card,1026.2,279.87,139.94,93.29,186.58,35,186.58,139.94,0,349.84,93.29,2530.53,2134.01,Paid
124,22,Female,51,Pennsylvania,Regular,11/14/2025,11/15/2025,11/19/2025,Laundry,2,0.56,Light,Customer Pickup,11141.47,11/15/2025,11141.47,Cash,2005.46,445.66,445.66,557.07,0,20,0,334.24,0,835.61,222.83,4866.53,6274.94,Paid
125,96,Male,27,Florida,Corporate,5/22/2022,5/23/2022,5/27/2022,Laundry,5,2.89,Mixed,Customer Pickup,4101.47,5/23/2022,4101.47,Cash,902.32,164.06,164.06,205.07,0,20,0,123.04,0,307.61,82.03,1968.19,2133.28,Paid
126,16,Male,36,California,Student,1/30/2025,1/31/2025,2/4/2025,Laundry,27,8.67,Light,Customer Pickup,1538.94,2/4/2025,1538.94,Cash,277.01,76.95,61.56,76.95,0,50,0,46.17,76.95,115.42,30.78,657.89,881.05,Paid
127,90,Male,42,North Carolina,Corporate,12/26/2025,12/27/2025,12/31/2025,Laundry,18,4.51,Light,Customer Pickup,12802.67,12/26/2025,12802.67,Online Payment,2304.48,512.11,512.11,640.13,0,35,0,384.08,0,960.2,256.05,5604.16,7198.51,Paid
128,1,Female,59,North Carolina,Regular,11/24/2023,11/25/2023,11/29/2023,Dry Cleaning,9,5.71,Mixed,Home Delivery,11265.58,11/29/2023,11265.58,Online Payment,2478.43,563.28,0,0,675.93,20,450.62,337.97,0,844.92,225.31,5596.46,5669.12,Paid
129,36,Female,37,Texas,Corporate,10/9/2025,10/10/2025,10/14/2025,Ironing,8,2.37,Light,Customer Pickup,10178.16,10/9/2025,10178.16,Online Payment,1832.07,407.13,0,0,0,20,0,305.34,0,763.36,203.56,3531.46,6646.7,Paid
130,77,Male,29,District of Columbia,Corporate,9/18/2021,9/19/2021,9/23/2021,Laundry,22,6.86,Light,Customer Pickup,14006.33,9/23/2021,14006.33,Cash,2521.14,700.32,560.25,700.32,0,50,0,420.19,0,1050.47,280.13,6282.82,7723.51,Paid
131,77,Male,29,District of Columbia,Corporate,10/8/2022,10/9/2022,10/13/2022,Laundry,19,11.53,Mixed,Home Delivery,2830.29,10/8/2022,2830.29,Online Payment,622.66,169.82,113.21,141.51,0,35,113.21,84.91,0,212.27,56.61,1549.2,1281.09,Paid
132,51,Female,39,California,Corporate,8/19/2023,8/20/2023,8/24/2023,Ironing,23,7.37,Light,Home Delivery,8330.03,8/19/2023,8330.03,Online Payment,1499.41,416.5,0,0,0,50,333.2,249.9,0,624.75,166.6,3340.36,4989.67,Paid
133,24,Female,47,District of Columbia,Regular,9/11/2024,9/12/2024,9/16/2024,Laundry,14,4.05,Light,Express,3659.16,9/16/2024,3659.16,Online Payment,658.65,146.37,146.37,182.96,0,35,219.55,109.77,182.96,274.44,73.18,1663.33,1995.83,Paid
134,67,Male,39,Illinois,Corporate,8/25/2022,8/26/2022,8/30/2022,Laundry,20,12.51,Mixed,Customer Pickup,8638.58,8/30/2022,8638.58,Cash,1900.49,518.31,345.54,431.93,0,35,0,259.16,0,647.89,172.77,4311.09,4327.49,Paid
135,61,Female,44,Florida,Corporate,4/8/2025,4/9/2025,4/13/2025,Laundry,10,5.01,Mixed,Customer Pickup,11292.97,4/13/2025,11292.97,Cash,2484.45,564.65,451.72,564.65,0,20,0,338.79,0,846.97,225.86,5497.09,5795.88,Paid
136,3,Male,39,Arizona,Student,9/11/2023,9/12/2023,9/16/2023,Ironing,5,1.51,Light,Customer Pickup,8274.69,9/16/2023,8274.69,Credit Card,1489.44,330.99,0,0,0,20,0,248.24,0,620.6,165.49,2874.76,5399.93,Paid
137,31,Male,39,New York,Student,3/5/2023,3/6/2023,3/10/2023,Ironing,16,4.89,Light,Home Delivery,7286.86,3/10/2023,7286.86,Credit Card,1311.63,291.47,0,0,0,35,291.47,218.61,0,546.51,145.74,2840.43,4446.43,Paid
138,47,Male,34,Illinois,Student,7/29/2024,7/30/2024,8/3/2024,Dry Cleaning,21,11.24,Mixed,Customer Pickup,5123.49,7/30/2024,5123.49,Cash,1127.17,307.41,0,0,307.41,50,0,153.7,256.17,384.26,102.47,2176.25,2947.24,Paid
139,43,Male,34,California,Regular,6/16/2021,6/17/2021,6/21/2021,Dry Cleaning,22,6.63,Light,Customer Pickup,4361.13,6/21/2021,4361.13,Online Payment,785,218.06,0,0,261.67,50,0,130.83,0,327.08,87.22,1859.86,2501.27,Paid
140,73,Female,60,Ohio,Regular,7/13/2022,7/14/2022,7/18/2022,Laundry,17,5.71,Light,Express,6325.01,7/18/2022,6325.01,Cash,1138.5,316.25,253,316.25,0,35,379.5,189.75,0,474.38,126.5,3229.13,3095.88,Paid
141,36,Female,37,Texas,Corporate,5/13/2021,5/14/2021,5/18/2021,Stain Removal,22,7.17,Light,Home Delivery,8525.45,5/18/2021,8525.45,Cash,1534.58,426.27,255.76,170.51,341.02,50,341.02,255.76,0,639.41,170.51,4184.84,4340.61,Paid
142,59,Male,34,New York,Student,3/20/2024,3/21/2024,3/25/2024,Dry Cleaning,13,3.53,Light,Express,1980.34,3/25/2024,1980.34,Online Payment,356.46,79.21,0,0,118.82,35,118.82,59.41,0,148.53,39.61,955.86,1024.48,Paid
143,86,Female,53,District of Columbia,Student,4/28/2021,4/29/2021,5/3/2021,Laundry,17,17.61,Heavy,Customer Pickup,1289.91,4/28/2021,1289.91,Online Payment,335.38,77.39,51.6,64.5,0,35,0,38.7,0,96.74,25.8,725.11,564.8,Paid
144,53,Female,44,Virginia,Student,10/18/2021,10/19/2021,10/23/2021,Dry Cleaning,2,0.56,Light,Customer Pickup,8753.06,10/23/2021,8753.06,Cash,1575.55,350.12,0,0,525.18,20,0,262.59,0,656.48,175.06,3564.98,5188.08,Paid
145,8,Male,26,South Carolina,Corporate,5/10/2022,5/11/2022,5/15/2022,Laundry,6,1.56,Light,Home Delivery,933.57,5/15/2022,933.57,Cash,168.04,37.34,37.34,46.68,0,20,37.34,28.01,0,70.02,18.67,463.44,470.13,Paid
146,77,Male,29,District of Columbia,Corporate,6/27/2022,6/28/2022,7/2/2022,Laundry,12,7.12,Mixed,Home Delivery,14721.43,7/2/2022,14721.43,Credit Card,3238.71,736.07,588.86,736.07,0,35,588.86,441.64,0,1104.11,294.43,7763.75,6957.68,Paid
147,64,Male,27,Florida,Regular,6/4/2021,6/5/2021,6/9/2021,Laundry,26,16.18,Mixed,Express,14304.89,6/9/2021,14304.89,Credit Card,3147.08,858.29,572.2,715.24,0,50,858.29,429.15,0,1072.87,286.1,7989.22,6315.67,Paid
148,88,Female,48,District of Columbia,Student,7/12/2025,7/13/2025,7/17/2025,Ironing,3,1.6,Mixed,Customer Pickup,1501.29,7/13/2025,1501.29,Online Payment,330.28,60.05,0,0,0,20,0,45.04,0,112.6,30.03,598,903.29,Paid
149,46,Male,31,Texas,Regular,7/11/2024,7/12/2024,7/16/2024,Dry Cleaning,15,4.67,Light,Customer Pickup,3993.73,7/12/2024,3993.73,Online Payment,718.87,159.75,0,0,239.62,35,0,119.81,0,299.53,79.87,1652.45,2341.28,Paid
150,67,Male,39,Illinois,Corporate,7/19/2025,7/20/2025,7/24/2025,Laundry,8,2.35,Light,Home Delivery,2512.38,7/20/2025,2512.38,Online Payment,452.23,100.5,100.5,125.62,0,20,100.5,75.37,0,188.43,50.25,1213.4,1298.98,Paid
151,94,Male,32,Iowa,Regular,7/1/2021,7/2/2021,7/6/2021,Ironing,28,15.44,Mixed,Home Delivery,2925.78,7/2/2021,2925.78,Cash,643.67,175.55,0,0,0,50,117.03,87.77,0,219.43,58.52,1351.97,1573.81,Paid
152,72,Female,58,New Mexico,Student,2/18/2022,2/19/2022,2/23/2022,Laundry,25,14,Mixed,Home Delivery,3830.1,2/23/2022,3830.1,Credit Card,842.62,229.81,153.2,191.51,0,50,153.2,114.9,0,287.26,76.6,2099.1,1731,Paid
153,74,Male,22,Georgia,Regular,8/2/2025,8/3/2025,8/7/2025,Laundry,21,7.29,Light,Customer Pickup,2549.13,8/2/2025,2549.13,Online Payment,458.84,127.46,101.97,127.46,0,50,0,76.47,127.46,191.18,50.98,1056.9,1492.23,Paid
154,56,Female,57,Georgia,Regular,5/20/2021,5/21/2021,5/25/2021,Laundry,3,1.79,Mixed,Customer Pickup,5021.25,5/25/2021,5021.25,Online Payment,1104.68,200.85,200.85,251.06,0,20,0,150.64,0,376.59,100.43,2405.1,2616.15,Paid
155,57,Female,45,California,Regular,6/28/2023,6/29/2023,7/3/2023,Ironing,8,2.28,Light,Customer Pickup,5819.22,7/3/2023,5819.22,Cash,1047.46,232.77,0,0,0,20,0,174.58,0,436.44,116.38,2027.63,3791.59,Paid
156,16,Male,36,California,Student,5/3/2022,5/4/2022,5/8/2022,Laundry,14,4.62,Light,Customer Pickup,8206.08,5/8/2022,8206.08,Cash,1477.09,328.24,328.24,410.3,0,35,0,246.18,0,615.46,164.12,3604.63,4601.45,Paid
157,7,Female,64,New Mexico,Regular,10/5/2021,10/6/2021,10/10/2021,Mending,27,17.27,Mixed,Customer Pickup,4296.23,10/6/2021,4296.23,Online Payment,945.17,257.77,0,0,0,50,0,128.89,0,322.22,85.92,1789.97,2506.26,Paid
158,86,Female,53,District of Columbia,Student,12/6/2021,12/7/2021,12/11/2021,Ironing,10,2.76,Light,Customer Pickup,4923.24,12/11/2021,4923.24,Cash,886.18,196.93,0,0,0,20,0,147.7,0,369.24,98.46,1718.51,3204.73,Paid
159,11,Female,49,Kentucky,Regular,6/10/2024,6/11/2024,6/15/2024,Laundry,29,16.79,Mixed,Home Delivery,8727.49,6/15/2024,8727.49,Cash,1920.05,523.65,349.1,436.37,0,50,349.1,261.82,0,654.56,174.55,4719.2,4008.29,Paid
160,95,Male,34,Nevada,Regular,12/20/2021,12/21/2021,12/25/2021,Laundry,14,4.68,Light,Home Delivery,11525.03,12/25/2021,11525.03,Online Payment,2074.51,461,461,576.25,0,35,461,345.75,0,864.38,230.5,5509.39,6015.64,Paid
161,40,Male,37,Minnesota,Regular,6/18/2025,6/19/2025,6/23/2025,Laundry,2,1.98,Heavy,Customer Pickup,3394.3,6/23/2025,3394.3,Cash,882.52,135.77,135.77,169.72,0,20,0,101.83,0,254.57,67.89,1768.07,1626.23,Paid
162,16,Male,36,California,Student,8/24/2024,8/25/2024,8/29/2024,Laundry,27,8.52,Light,Home Delivery,14131.43,8/29/2024,14131.43,Cash,2543.66,706.57,565.26,706.57,0,50,565.26,423.94,706.57,1059.86,282.63,6197.18,7934.25,Paid
163,60,Male,19,Georgia,Corporate,9/5/2025,9/6/2025,9/10/2025,Laundry,24,13.33,Mixed,Customer Pickup,11022.33,9/10/2025,11022.33,Cash,2424.91,661.34,440.89,551.12,0,50,0,330.67,0,826.67,220.45,5506.05,5516.28,Paid
164,51,Female,39,California,Corporate,4/24/2022,4/25/2022,4/29/2022,Dry Cleaning,20,12.64,Mixed,Home Delivery,13966.39,4/24/2022,13966.39,Online Payment,3072.61,837.98,0,0,837.98,35,558.66,418.99,0,1047.48,279.33,7088.03,6878.36,Paid
165,77,Male,29,District of Columbia,Corporate,4/8/2024,4/9/2024,4/13/2024,Laundry,25,6.96,Light,Customer Pickup,5949.28,4/9/2024,5949.28,Cash,1070.87,297.46,237.97,297.46,0,50,0,178.48,0,446.2,118.99,2697.43,3251.85,Paid
166,28,Male,36,Oregon,Regular,9/8/2025,9/9/2025,9/13/2025,Laundry,13,4.27,Light,Customer Pickup,10352.75,9/13/2025,10352.75,Credit Card,1863.5,414.11,414.11,517.64,0,35,0,310.58,0,776.46,207.06,4538.46,5814.29,Paid
167,11,Female,49,Kentucky,Regular,3/7/2023,3/8/2023,3/12/2023,Ironing,16,8.16,Mixed,Express,4203.27,3/7/2023,4203.27,Credit Card,924.72,210.16,0,0,0,35,252.2,126.1,0,315.25,84.07,1947.5,2255.77,Paid
168,68,Male,19,Oklahoma,Walk-in,6/21/2021,6/22/2021,6/26/2021,Dry Cleaning,26,16.82,Mixed,Customer Pickup,10843.73,6/26/2021,10843.73,Cash,2385.62,650.62,0,0,650.62,50,0,325.31,0,813.28,216.87,5092.32,5751.41,Paid
169,8,Male,26,South Carolina,Corporate,6/15/2025,6/16/2025,6/20/2025,Ironing,20,6.4,Light,Customer Pickup,13700.21,6/20/2025,13700.21,Cash,2466.04,685.01,0,0,0,35,0,411.01,0,1027.52,274,4898.58,8801.63,Paid
170,34,Male,31,District of Columbia,Regular,8/7/2025,8/8/2025,8/12/2025,Dry Cleaning,26,15.23,Mixed,Customer Pickup,2555.86,8/12/2025,2555.86,Cash,562.29,153.35,0,0,153.35,50,0,76.68,0,191.69,51.12,1238.48,1317.38,Paid
171,46,Male,31,Texas,Regular,8/19/2021,8/20/2021,8/24/2021,Dry Cleaning,18,11.01,Mixed,Customer Pickup,5594.45,8/24/2021,5594.45,Cash,1230.78,335.67,0,0,335.67,35,0,167.83,0,419.58,111.89,2636.42,2958.03,Paid
172,28,Male,36,Oregon,Regular,11/17/2025,11/18/2025,11/22/2025,Laundry,9,4.53,Mixed,Customer Pickup,2952.96,11/22/2025,2952.96,Cash,649.65,118.12,118.12,147.65,0,20,0,88.59,0,221.47,59.06,1422.66,1530.3,Paid
173,100,Male,27,Colorado,Walk-in,3/23/2021,3/24/2021,3/28/2021,Dry Cleaning,17,5.71,Light,Customer Pickup,8645.16,3/24/2021,8645.16,Cash,1556.13,432.26,0,0,518.71,35,0,259.35,432.26,648.39,172.9,3190.48,5454.68,Paid
174,18,Female,61,Massachusetts,Regular,11/12/2025,11/13/2025,11/17/2025,Laundry,26,13.9,Mixed,Home Delivery,14038.21,11/17/2025,14038.21,Cash,3088.41,842.29,561.53,701.91,0,50,561.53,421.15,0,1052.87,280.76,7560.45,6477.76,Paid
175,90,Male,42,North Carolina,Corporate,4/13/2025,4/14/2025,4/18/2025,Ironing,10,5.88,Mixed,Customer Pickup,4580.26,4/18/2025,4580.26,Cash,1007.66,229.01,0,0,0,20,0,137.41,0,343.52,91.61,1829.21,2751.05,Paid
176,93,Female,35,North Carolina,Regular,6/5/2023,6/6/2023,6/10/2023,Dry Cleaning,15,4.1,Light,Customer Pickup,5433.51,6/6/2023,5433.51,Cash,978.03,217.34,0,0,326.01,35,0,163.01,0,407.51,108.67,2235.57,3197.94,Paid
177,95,Male,34,Nevada,Regular,11/24/2024,11/25/2024,11/29/2024,Laundry,16,14.72,Heavy,Customer Pickup,5756.17,11/29/2024,5756.17,Cash,1496.6,345.37,230.25,287.81,0,35,0,172.69,0,431.71,115.12,3114.55,2641.62,Paid
178,97,Male,29,Alabama,Corporate,2/25/2024,2/26/2024,3/1/2024,Dry Cleaning,30,8.43,Light,Customer Pickup,8407.75,2/25/2024,8407.75,Online Payment,1513.4,420.39,0,0,504.47,50,0,252.23,0,630.58,168.16,3539.23,4868.52,Paid
179,97,Male,29,Alabama,Corporate,6/1/2023,6/2/2023,6/6/2023,Laundry,16,8.83,Mixed,Customer Pickup,3007.78,6/6/2023,3007.78,Online Payment,661.71,150.39,120.31,150.39,0,35,0,90.23,0,225.58,60.16,1493.77,1514.01,Paid
180,94,Male,32,Iowa,Regular,12/29/2023,12/30/2023,1/3/2024,Laundry,3,0.99,Light,Customer Pickup,1325.79,1/3/2024,1325.79,Cash,238.64,53.03,53.03,66.29,0,20,0,39.77,0,99.43,26.52,596.71,729.08,Paid
181,78,Male,22,Florida,Regular,10/1/2022,10/2/2022,10/6/2022,Laundry,9,5.75,Mixed,Home Delivery,6001.3,10/6/2022,6001.3,Credit Card,1320.29,300.07,240.05,300.07,0,20,240.05,180.04,0,450.1,120.03,3170.7,2830.6,Paid
182,10,Male,22,New Jersey,Regular,1/24/2024,1/25/2024,1/29/2024,Dry Cleaning,28,7.73,Light,Home Delivery,3489.01,1/29/2024,3489.01,Cash,628.02,174.45,0,0,209.34,50,139.56,104.67,0,261.68,69.78,1637.5,1851.51,Paid
183,14,Male,31,Tennessee,Regular,12/7/2023,12/8/2023,12/12/2023,Ironing,20,6.04,Light,Customer Pickup,2136.34,12/12/2023,2136.34,Cash,384.54,106.82,0,0,0,35,0,64.09,0,160.23,42.73,793.41,1342.93,Paid
184,38,Male,22,New York,Student,10/14/2024,10/15/2024,10/19/2024,Ironing,20,20.91,Heavy,Home Delivery,1347.39,10/15/2024,1347.39,Cash,350.32,80.84,0,0,0,35,53.9,40.42,0,101.05,26.95,688.48,658.91,Paid
185,49,Male,29,Alabama,Regular,3/30/2021,3/31/2021,4/4/2021,Laundry,27,8.19,Light,Customer Pickup,3069.28,4/4/2021,3069.28,Cash,552.47,153.46,122.77,153.46,0,50,0,92.08,0,230.2,61.39,1415.83,1653.45,Paid
186,31,Male,39,New York,Student,7/15/2023,7/16/2023,7/20/2023,Laundry,9,2.44,Light,Home Delivery,7820.46,7/20/2023,7820.46,Cash,1407.68,312.82,312.82,391.02,0,20,312.82,234.61,0,586.53,156.41,3734.71,4085.75,Paid
187,9,Female,54,New York,Regular,4/4/2025,4/5/2025,4/9/2025,Laundry,10,2.98,Light,Customer Pickup,12780.69,4/9/2025,12780.69,Credit Card,2300.52,511.23,511.23,639.03,0,20,0,383.42,0,958.55,255.61,5579.59,7201.1,Paid
188,51,Female,39,California,Corporate,3/19/2022,3/20/2022,3/24/2022,Laundry,27,16.49,Mixed,Customer Pickup,9990.41,3/24/2022,9990.41,Credit Card,2197.89,599.42,399.62,499.52,0,50,0,299.71,0,749.28,199.81,4995.25,4995.16,Paid
189,25,Male,44,Tennessee,Student,11/14/2023,11/15/2023,11/19/2023,Laundry,13,3.59,Light,Customer Pickup,7265.98,11/19/2023,7265.98,Online Payment,1307.88,290.64,290.64,363.3,0,35,0,217.98,0,544.95,145.32,3195.71,4070.27,Paid
190,75,Male,40,Texas,Student,3/19/2024,3/20/2024,3/24/2024,Stain Removal,18,4.66,Light,Home Delivery,7091.81,3/24/2024,7091.81,Cash,1276.53,283.67,212.75,141.84,283.67,35,283.67,212.75,0,531.89,141.84,3403.61,3688.2,Paid
191,96,Male,27,Florida,Corporate,3/23/2022,3/24/2022,3/28/2022,Ironing,10,3.17,Light,Customer Pickup,8396.19,3/28/2022,8396.19,Cash,1511.31,335.85,0,0,0,20,0,251.89,0,629.71,167.92,2916.68,5479.51,Paid
192,57,Female,45,California,Regular,7/13/2024,7/14/2024,7/18/2024,Dry Cleaning,29,14.86,Mixed,Customer Pickup,3449.64,7/18/2024,3449.64,Credit Card,758.92,206.98,0,0,206.98,50,0,103.49,172.48,258.72,68.99,1481.6,1968.04,Paid
193,95,Male,34,Nevada,Regular,8/10/2023,8/11/2023,8/15/2023,Laundry,9,2.61,Light,Customer Pickup,7688.59,8/15/2023,7688.59,Cash,1383.95,307.54,307.54,384.43,0,20,0,230.66,0,576.64,153.77,3364.53,4324.06,Paid
194,6,Male,31,Pennsylvania,Regular,1/3/2021,1/4/2021,1/8/2021,Laundry,6,1.95,Light,Customer Pickup,3721.67,1/4/2021,3721.67,Cash,669.9,148.87,148.87,186.08,0,20,0,111.65,0,279.13,74.43,1638.93,2082.74,Paid
195,42,Female,52,Nevada,Student,4/12/2024,4/13/2024,4/17/2024,Laundry,25,7.66,Light,Customer Pickup,3406.98,4/17/2024,3406.98,Cash,613.26,170.35,136.28,170.35,0,50,0,102.21,0,255.52,68.14,1566.11,1840.87,Paid
196,92,Female,37,New York,Regular,1/31/2024,2/1/2024,2/5/2024,Mending,28,8.58,Light,Home Delivery,12524.13,2/5/2024,12524.13,Credit Card,2254.34,626.21,0,0,0,50,500.97,375.72,0,939.31,250.48,4997.03,7527.1,Paid
197,33,Female,44,Virginia,Regular,8/31/2023,9/1/2023,9/5/2023,Laundry,22,5.79,Light,Customer Pickup,13679.59,8/31/2023,13679.59,Online Payment,2462.33,683.98,547.18,683.98,0,50,0,410.39,0,1025.97,273.59,6137.42,7542.17,Paid
198,90,Male,42,North Carolina,Corporate,4/18/2021,4/19/2021,4/23/2021,Laundry,8,8.7,Heavy,Customer Pickup,5102.01,4/23/2021,5102.01,Online Payment,1326.52,255.1,204.08,255.1,0,20,0,153.06,0,382.65,102.04,2698.55,2403.46,Paid
199,50,Male,42,Maryland,Regular,1/1/2023,1/2/2023,1/6/2023,Dry Cleaning,2,1.12,Mixed,Customer Pickup,8398.59,1/1/2023,8398.59,Online Payment,1847.69,335.94,0,0,503.92,20,0,251.96,0,629.89,167.97,3757.37,4641.22,Paid
200,80,Male,27,Connecticut,Regular,11/7/2021,11/8/2021,11/12/2021,Dry Cleaning,14,3.69,Light,Customer Pickup,4741.63,11/12/2021,4741.63,Cash,853.49,189.67,0,0,284.5,35,0,142.25,0,355.62,94.83,1955.36,2786.27,Paid
201,50,Male,42,Maryland,Regular,10/5/2021,10/6/2021,10/10/2021,Laundry,18,5.37,Light,Home Delivery,13649.29,10/10/2021,13649.29,Credit Card,2456.87,682.46,545.97,682.46,0,35,545.97,409.48,0,1023.7,272.99,6654.9,6994.39,Paid
202,7,Female,64,New Mexico,Regular,7/9/2025,7/10/2025,7/14/2025,Laundry,15,7.52,Mixed,Home Delivery,8533.55,7/9/2025,8533.55,Credit Card,1877.38,426.68,341.34,426.68,0,35,341.34,256.01,0,640.02,170.67,4515.12,4018.43,Paid
203,85,Male,24,Massachusetts,Student,10/5/2021,10/6/2021,10/10/2021,Ironing,8,2.47,Light,Home Delivery,6737.06,10/10/2021,6737.06,Cash,1212.67,269.48,0,0,0,20,269.48,202.11,0,505.28,134.74,2613.76,4123.3,Paid
204,5,Male,29,Texas,Student,12/28/2022,12/29/2022,1/2/2023,Laundry,16,5.43,Light,Customer Pickup,10658.6,1/2/2023,10658.6,Cash,1918.55,532.93,426.34,532.93,0,35,0,319.76,532.93,799.4,213.17,4245.15,6413.45,Paid
205,68,Male,19,Oklahoma,Walk-in,11/13/2023,11/14/2023,11/18/2023,Laundry,20,6.45,Light,Customer Pickup,1604.24,11/18/2023,1604.24,Cash,288.76,80.21,64.17,80.21,0,35,0,48.13,0,120.32,32.08,748.88,855.36,Paid
206,25,Male,44,Tennessee,Student,9/21/2021,9/22/2021,9/26/2021,Laundry,10,3.43,Light,Customer Pickup,3670.85,9/26/2021,3670.85,Online Payment,660.75,146.83,146.83,183.54,0,20,0,110.13,0,275.31,73.42,1616.81,2054.04,Paid
207,22,Female,51,Pennsylvania,Regular,7/2/2022,7/3/2022,7/7/2022,Stain Removal,23,6.86,Light,Home Delivery,1279.83,7/2/2022,1279.83,Credit Card,230.37,63.99,38.39,25.6,51.19,50,51.19,38.39,63.99,95.99,25.6,606.72,673.11,Paid
208,33,Female,44,Virginia,Regular,2/13/2023,2/14/2023,2/18/2023,Ironing,11,3.43,Light,Home Delivery,10290.29,2/13/2023,10290.29,Online Payment,1852.25,411.61,0,0,0,35,411.61,308.71,0,771.77,205.81,3996.76,6293.53,Paid
209,1,Female,59,North Carolina,Regular,7/12/2021,7/13/2021,7/17/2021,Laundry,3,0.95,Light,Customer Pickup,2565.38,7/13/2021,2565.38,Online Payment,461.77,102.62,102.62,128.27,0,20,0,76.96,0,192.4,51.31,1135.95,1429.43,Paid
210,3,Male,39,Arizona,Student,3/24/2021,3/25/2021,3/29/2021,Laundry,13,11.94,Heavy,Customer Pickup,5963.54,3/29/2021,5963.54,Credit Card,1550.52,357.81,238.54,298.18,0,35,0,178.91,0,447.27,119.27,3225.5,2738.04,Paid
211,12,Female,46,West Virginia,Regular,12/14/2024,12/15/2024,12/19/2024,Laundry,18,4.54,Light,Customer Pickup,5289.87,12/19/2024,5289.87,Cash,952.18,211.59,211.59,264.49,0,35,0,158.7,0,396.74,105.8,2336.09,2953.78,Paid
212,51,Female,39,California,Corporate,7/4/2024,7/5/2024,7/9/2024,Laundry,3,1.03,Light,Customer Pickup,7703.22,7/9/2024,7703.22,Credit Card,1386.58,308.13,308.13,385.16,0,20,0,231.1,0,577.74,154.06,3370.9,4332.32,Paid
213,19,Male,20,Georgia,Student,10/6/2022,10/7/2022,10/11/2022,Laundry,2,1.17,Mixed,Home Delivery,9549.83,10/11/2022,9549.83,Credit Card,2100.96,381.99,381.99,477.49,0,20,381.99,286.49,0,716.24,191,4938.15,4611.68,Paid
214,42,Female,52,Nevada,Student,2/14/2022,2/15/2022,2/19/2022,Dry Cleaning,13,3.26,Light,Customer Pickup,5931.81,2/15/2022,5931.81,Cash,1067.73,237.27,0,0,355.91,35,0,177.95,0,444.89,118.64,2437.39,3494.42,Paid
215,53,Female,44,Virginia,Student,9/10/2022,9/11/2022,9/15/2022,Laundry,18,10,Mixed,Home Delivery,12065.47,9/11/2022,12065.47,Cash,2654.4,603.27,482.62,603.27,0,35,482.62,361.96,0,904.91,241.31,6369.36,5696.11,Paid
216,37,Male,29,Georgia,Student,9/29/2023,9/30/2023,10/4/2023,Laundry,26,8.65,Light,Home Delivery,10362.46,10/4/2023,10362.46,Cash,1865.24,518.12,414.5,518.12,0,50,414.5,310.87,0,777.18,207.25,5075.78,5286.68,Paid
217,27,Male,34,Kansas,Regular,5/3/2023,5/4/2023,5/8/2023,Dry Cleaning,10,2.53,Light,Customer Pickup,2886.92,5/8/2023,2886.92,Cash,519.65,115.48,0,0,173.22,20,0,86.61,0,216.52,57.74,1189.22,1697.7,Paid
218,22,Female,51,Pennsylvania,Regular,10/8/2025,10/9/2025,10/13/2025,Laundry,5,1.58,Light,Customer Pickup,9101.52,10/8/2025,9101.52,Online Payment,1638.27,364.06,364.06,455.08,0,20,0,273.05,455.08,682.61,182.03,3524.08,5577.44,Paid
219,30,Male,31,Texas,Student,3/31/2025,4/1/2025,4/5/2025,Ironing,5,1.37,Light,Home Delivery,12896.9,4/1/2025,12896.9,Online Payment,2321.44,515.88,0,0,0,20,515.88,386.91,0,967.27,257.94,4985.32,7911.58,Paid
220,83,Female,50,Alabama,Regular,8/16/2023,8/17/2023,8/21/2023,Laundry,12,6.44,Mixed,Customer Pickup,13850.85,8/17/2023,13850.85,Cash,3047.19,692.54,554.03,692.54,0,35,0,415.53,0,1038.81,277.02,6752.66,7098.19,Paid
221,22,Female,51,Pennsylvania,Regular,7/31/2021,8/1/2021,8/5/2021,Laundry,13,12.21,Heavy,Home Delivery,13010.02,8/5/2021,13010.02,Credit Card,3382.61,780.6,520.4,650.5,0,35,520.4,390.3,0,975.75,260.2,7515.76,5494.26,Paid
222,64,Male,27,Florida,Regular,2/25/2025,2/26/2025,3/2/2025,Laundry,23,13.55,Mixed,Home Delivery,13482.09,3/2/2025,13482.09,Credit Card,2966.06,808.93,539.28,674.1,0,50,539.28,404.46,0,1011.16,269.64,7262.91,6219.18,Paid
223,52,Female,47,Indiana,Regular,1/1/2021,1/2/2021,1/6/2021,Dry Cleaning,5,1.54,Light,Home Delivery,2908.47,1/6/2021,2908.47,Cash,523.52,116.34,0,0,174.51,20,116.34,87.25,0,218.14,58.17,1314.27,1594.2,Paid
224,67,Male,39,Illinois,Corporate,2/7/2024,2/8/2024,2/12/2024,Laundry,23,5.98,Light,Customer Pickup,3650.06,2/12/2024,3650.06,Cash,657.01,182.5,146,182.5,0,50,0,109.5,0,273.75,73,1674.26,1975.8,Paid
225,78,Male,22,Florida,Regular,10/7/2023,10/8/2023,10/12/2023,Laundry,25,15.4,Mixed,Express,14029.78,10/7/2023,14029.78,Credit Card,3086.55,841.79,561.19,701.49,0,50,841.79,420.89,0,1052.23,280.6,7836.53,6193.25,Paid
226,89,Female,35,Texas,Student,2/25/2023,2/26/2023,3/2/2023,Laundry,26,15.19,Mixed,Home Delivery,9184.94,3/2/2023,9184.94,Cash,2020.69,551.1,367.4,459.25,0,50,367.4,275.55,0,688.87,183.7,4963.96,4220.98,Paid
227,10,Male,22,New Jersey,Regular,11/10/2022,11/11/2022,11/15/2022,Laundry,11,6.31,Mixed,Home Delivery,9416.61,11/11/2022,9416.61,Online Payment,2071.65,470.83,376.66,470.83,0,35,376.66,282.5,0,706.25,188.33,4978.71,4437.9,Paid
228,85,Male,24,Massachusetts,Student,1/2/2022,1/3/2022,1/7/2022,Dry Cleaning,11,3.59,Light,Customer Pickup,1572.18,1/3/2022,1572.18,Cash,282.99,62.89,0,0,94.33,35,0,47.17,0,117.91,31.44,671.73,900.45,Paid
229,93,Female,35,North Carolina,Regular,11/3/2023,11/4/2023,11/8/2023,Laundry,5,2.78,Mixed,Customer Pickup,6962.6,11/3/2023,6962.6,Credit Card,1531.77,278.5,278.5,348.13,0,20,0,208.88,0,522.2,139.25,3327.23,3635.37,Paid
230,10,Male,22,New Jersey,Regular,12/8/2021,12/9/2021,12/13/2021,Laundry,2,0.61,Light,Customer Pickup,11032.29,12/13/2021,11032.29,Cash,1985.81,441.29,441.29,551.61,0,20,0,330.97,0,827.42,220.65,4819.04,6213.25,Paid
231,70,Female,42,Georgia,Corporate,8/1/2021,8/2/2021,8/6/2021,Laundry,27,8.27,Light,Home Delivery,11959.17,8/6/2021,11959.17,Credit Card,2152.65,597.96,478.37,597.96,0,50,478.37,358.78,0,896.94,239.18,5850.21,6108.96,Paid
232,21,Male,29,New York,Regular,6/29/2022,6/30/2022,7/4/2022,Stain Removal,19,5.17,Light,Customer Pickup,6162.15,6/29/2022,6162.15,Online Payment,1109.19,308.11,184.86,123.24,246.49,35,0,184.86,0,462.16,123.24,2777.15,3385,Paid
233,94,Male,32,Iowa,Regular,2/8/2022,2/9/2022,2/13/2022,Laundry,8,4.51,Mixed,Express,14544.18,2/13/2022,14544.18,Credit Card,3199.72,581.77,581.77,727.21,0,20,872.65,436.33,0,1090.81,290.88,7801.14,6743.04,Paid
234,5,Male,29,Texas,Student,7/19/2025,7/20/2025,7/24/2025,Ironing,21,6.17,Light,Home Delivery,13554.01,7/24/2025,13554.01,Cash,2439.72,677.7,0,0,0,50,542.16,406.62,677.7,1016.55,271.08,4726.13,8827.88,Paid
235,44,Male,37,New York,Student,1/16/2024,1/17/2024,1/21/2024,Ironing,7,4.47,Mixed,Customer Pickup,14243.45,1/21/2024,14243.45,Cash,3133.56,569.74,0,0,0,20,0,427.3,0,1068.26,284.87,5503.73,8739.72,Paid
236,6,Male,31,Pennsylvania,Regular,12/3/2024,12/4/2024,12/8/2024,Dry Cleaning,14,3.94,Light,Customer Pickup,3936.54,12/8/2024,3936.54,Cash,708.58,157.46,0,0,236.19,35,0,118.1,0,295.24,78.73,1629.3,2307.24,Paid
237,96,Male,27,Florida,Corporate,5/21/2025,5/22/2025,5/26/2025,Dry Cleaning,5,1.65,Light,Express,6069.32,5/26/2025,6069.32,Cash,1092.48,242.77,0,0,364.16,20,364.16,182.08,0,455.2,121.39,2842.24,3227.08,Paid
238,61,Female,44,Florida,Corporate,4/20/2023,4/21/2023,4/25/2023,Laundry,30,7.63,Light,Customer Pickup,6533.49,4/25/2023,6533.49,Cash,1176.03,326.67,261.34,326.67,0,50,0,196,0,490.01,130.67,2957.39,3576.1,Paid
239,18,Female,61,Massachusetts,Regular,11/1/2024,11/2/2024,11/6/2024,Ironing,28,17.45,Mixed,Home Delivery,11217.26,11/1/2024,11217.26,Online Payment,2467.8,673.04,0,0,0,50,448.69,336.52,0,841.29,224.35,5041.69,6175.57,Paid
240,5,Male,29,Texas,Student,7/9/2025,7/10/2025,7/14/2025,Laundry,29,10.1,Light,Home Delivery,1633.57,7/14/2025,1633.57,Cash,294.04,98.01,65.34,81.68,0,50,65.34,49.01,0,122.52,32.67,858.61,774.96,Paid
241,71,Male,39,Iowa,Regular,3/9/2021,3/10/2021,3/14/2021,Stain Removal,3,2.8,Heavy,Home Delivery,6037.31,3/14/2021,6037.31,Online Payment,1569.7,241.49,181.12,120.75,241.49,20,241.49,181.12,0,452.8,120.75,3370.71,2666.6,Paid
242,39,Female,64,Kentucky,Regular,4/7/2023,4/8/2023,4/12/2023,Stain Removal,17,9.26,Mixed,Customer Pickup,4187.45,4/12/2023,4187.45,Online Payment,921.24,209.37,125.62,83.75,167.5,35,0,125.62,0,314.06,83.75,2065.91,2121.54,Paid
243,83,Female,50,Alabama,Regular,1/1/2021,1/2/2021,1/6/2021,Ironing,18,9.38,Mixed,Customer Pickup,10990.33,1/6/2021,10990.33,Cash,2417.87,549.52,0,0,0,35,0,329.71,0,824.27,219.81,4376.18,6614.15,Paid
244,96,Male,27,Florida,Corporate,6/1/2025,6/2/2025,6/6/2025,Laundry,3,1.86,Mixed,Customer Pickup,4517.23,6/6/2025,4517.23,Cash,993.79,180.69,180.69,225.86,0,20,0,135.52,0,338.79,90.34,2165.68,2351.55,Paid
245,32,Female,36,New Mexico,Student,4/2/2021,4/3/2021,4/7/2021,Laundry,20,19.6,Heavy,Home Delivery,2349.22,4/3/2021,2349.22,Cash,610.8,140.95,93.97,117.46,0,35,93.97,70.48,0,176.19,46.98,1385.8,963.42,Paid
246,70,Female,42,Georgia,Corporate,2/21/2023,2/22/2023,2/26/2023,Laundry,17,5.25,Light,Home Delivery,6975.02,2/21/2023,6975.02,Online Payment,1255.5,348.75,279,348.75,0,35,279,209.25,0,523.13,139.5,3417.88,3557.14,Paid
247,56,Female,57,Georgia,Regular,2/27/2025,2/28/2025,3/4/2025,Dry Cleaning,30,7.89,Light,Home Delivery,3033.85,2/27/2025,3033.85,Credit Card,546.09,151.69,0,0,182.03,50,121.35,91.02,0,227.54,60.68,1430.4,1603.45,Paid
248,67,Male,39,Illinois,Corporate,2/20/2025,2/21/2025,2/25/2025,Ironing,13,8.25,Mixed,Customer Pickup,11872.56,2/21/2025,11872.56,Online Payment,2611.96,593.63,0,0,0,35,0,356.18,0,890.44,237.45,4724.66,7147.9,Paid
249,69,Male,44,Illinois,Student,1/4/2025,1/5/2025,1/9/2025,Laundry,23,5.98,Light,Customer Pickup,6312.82,1/4/2025,6312.82,Online Payment,1136.31,315.64,252.51,315.64,0,50,0,189.38,0,473.46,126.26,2859.2,3453.62,Paid
250,40,Male,37,Minnesota,Regular,6/25/2025,6/26/2025,6/30/2025,Laundry,18,5.95,Light,Customer Pickup,2576.62,6/30/2025,2576.62,Cash,463.79,128.83,103.06,128.83,0,35,0,77.3,0,193.25,51.53,1181.59,1395.03,Paid
251,96,Male,27,Florida,Corporate,12/9/2025,12/10/2025,12/14/2025,Laundry,26,15.86,Mixed,Customer Pickup,5728.22,12/9/2025,5728.22,Online Payment,1260.21,343.69,229.13,286.41,0,50,0,171.85,0,429.62,114.56,2885.47,2842.75,Paid
252,57,Female,45,California,Regular,5/15/2025,5/16/2025,5/20/2025,Dry Cleaning,13,3.57,Light,Home Delivery,5048.18,5/20/2025,5048.18,Online Payment,908.67,201.93,0,0,302.89,35,201.93,151.45,0,378.61,100.96,2281.44,2766.74,Paid
253,96,Male,27,Florida,Corporate,11/15/2021,11/16/2021,11/20/2021,Laundry,25,6.32,Light,Home Delivery,5373.7,11/20/2021,5373.7,Cash,967.27,268.69,214.95,268.69,0,50,214.95,161.21,0,403.03,107.47,2656.26,2717.44,Paid
254,8,Male,26,South Carolina,Corporate,8/26/2022,8/27/2022,8/31/2022,Ironing,10,5.6,Mixed,Home Delivery,4911.36,8/31/2022,4911.36,Cash,1080.5,245.57,0,0,0,20,196.45,147.34,0,368.35,98.23,2156.44,2754.92,Paid
255,53,Female,44,Virginia,Student,5/15/2021,5/16/2021,5/20/2021,Laundry,27,9.22,Light,Customer Pickup,5429.54,5/15/2021,5429.54,Online Payment,977.32,271.48,217.18,271.48,0,50,0,162.89,0,407.22,108.59,2466.16,2963.38,Paid
256,40,Male,37,Minnesota,Regular,5/30/2023,5/31/2023,6/4/2023,Laundry,21,11.66,Mixed,Customer Pickup,4124,5/30/2023,4124,Credit Card,907.28,247.44,164.96,206.2,0,50,0,123.72,0,309.3,82.48,2091.38,2032.62,Paid
257,40,Male,37,Minnesota,Regular,7/27/2022,7/28/2022,8/1/2022,Laundry,20,10.32,Mixed,Home Delivery,11368.13,7/28/2022,11368.13,Cash,2500.99,682.09,454.73,568.41,0,35,454.73,341.04,0,852.61,227.36,6116.96,5251.17,Paid
258,79,Female,50,Vermont,Regular,6/19/2023,6/20/2023,6/24/2023,Laundry,10,5.64,Mixed,Customer Pickup,12514.16,6/24/2023,12514.16,Cash,2753.12,625.71,500.57,625.71,0,20,0,375.42,0,938.56,250.28,6089.37,6424.79,Paid
259,74,Male,22,Georgia,Regular,3/7/2025,3/8/2025,3/12/2025,Laundry,15,4.98,Light,Home Delivery,13834.26,3/12/2025,13834.26,Online Payment,2490.17,553.37,553.37,691.71,0,35,553.37,415.03,0,1037.57,276.69,6606.28,7227.98,Paid
260,33,Female,44,Virginia,Regular,2/13/2025,2/14/2025,2/18/2025,Ironing,14,4.66,Light,Customer Pickup,3860.28,2/14/2025,3860.28,Cash,694.85,154.41,0,0,0,35,0,115.81,0,289.52,77.21,1366.8,2493.48,Paid
261,41,Female,54,California,Corporate,8/25/2021,8/26/2021,8/30/2021,Laundry,16,9.59,Mixed,Customer Pickup,9363.29,8/26/2021,9363.29,Cash,2059.92,468.16,374.53,468.16,0,35,0,280.9,0,702.25,187.27,4576.19,4787.1,Paid
262,8,Male,26,South Carolina,Corporate,10/18/2024,10/19/2024,10/23/2024,Dry Cleaning,6,3.75,Mixed,Customer Pickup,10324.5,10/23/2024,10324.5,Online Payment,2271.39,412.98,0,0,619.47,20,0,309.74,0,774.34,206.49,4614.41,5710.09,Paid
263,15,Male,20,Colorado,Student,8/14/2022,8/15/2022,8/19/2022,Laundry,9,2.41,Light,Customer Pickup,4629.75,8/19/2022,4629.75,Online Payment,833.36,185.19,185.19,231.49,0,20,0,138.89,0,347.23,92.6,2033.95,2595.8,Paid
264,51,Female,39,California,Corporate,5/15/2022,5/16/2022,5/20/2022,Laundry,4,2.23,Mixed,Home Delivery,10935.59,5/20/2022,10935.59,Cash,2405.83,437.42,437.42,546.78,0,20,437.42,328.07,0,820.17,218.71,5651.82,5283.77,Paid
265,10,Male,22,New Jersey,Regular,9/13/2024,9/14/2024,9/18/2024,Mending,14,4.04,Light,Customer Pickup,1001.09,9/18/2024,1001.09,Credit Card,180.2,40.04,0,0,0,35,0,30.03,0,75.08,20.02,380.37,620.72,Paid
266,96,Male,27,Florida,Corporate,10/15/2024,10/16/2024,10/20/2024,Laundry,25,8.21,Light,Home Delivery,4205.2,10/16/2024,4205.2,Cash,756.94,210.26,168.21,210.26,0,50,168.21,126.16,0,315.39,84.1,2089.53,2115.67,Paid
267,48,Female,47,Florida,Student,10/8/2025,10/9/2025,10/13/2025,Dry Cleaning,4,2.46,Mixed,Home Delivery,3518.08,10/9/2025,3518.08,Cash,773.98,140.72,0,0,211.08,20,140.72,105.54,0,263.86,70.36,1726.26,1791.82,Paid
268,53,Female,44,Virginia,Student,6/30/2024,7/1/2024,7/5/2024,Laundry,13,7.39,Mixed,Customer Pickup,14082.23,7/5/2024,14082.23,Cash,3098.09,704.11,563.29,704.11,0,35,0,422.47,0,1056.17,281.64,6864.88,7217.35,Paid
269,21,Male,29,New York,Regular,12/18/2024,12/19/2024,12/23/2024,Dry Cleaning,24,15.56,Mixed,Customer Pickup,7680.22,12/19/2024,7680.22,Cash,1689.65,460.81,0,0,460.81,50,0,230.41,0,576.02,153.6,3621.3,4058.92,Paid
270,45,Male,29,Georgia,Regular,9/18/2022,9/19/2022,9/23/2022,Laundry,10,5.88,Mixed,Customer Pickup,10663.38,9/18/2022,10663.38,Online Payment,2345.94,533.17,426.54,533.17,0,20,0,319.9,0,799.75,213.27,5191.74,5471.64,Paid
271,60,Male,19,Georgia,Corporate,7/7/2025,7/8/2025,7/12/2025,Dry Cleaning,21,7.26,Light,Customer Pickup,2189.06,7/7/2025,2189.06,Credit Card,394.03,109.45,0,0,131.34,50,0,65.67,0,164.18,43.78,958.45,1230.61,Paid
272,67,Male,39,Illinois,Corporate,7/3/2023,7/4/2023,7/8/2023,Ironing,13,3.29,Light,Home Delivery,11764.3,7/8/2023,11764.3,Cash,2117.57,470.57,0,0,0,35,470.57,352.93,0,882.32,235.29,4564.25,7200.05,Paid
273,52,Female,47,Indiana,Regular,8/11/2022,8/12/2022,8/16/2022,Ironing,14,7.57,Mixed,Customer Pickup,6928.79,8/11/2022,6928.79,Online Payment,1524.33,346.44,0,0,0,35,0,207.86,0,519.66,138.58,2771.87,4156.92,Paid
274,61,Female,44,Florida,Corporate,9/4/2024,9/5/2024,9/9/2024,Laundry,28,15.16,Mixed,Customer Pickup,2021.99,9/9/2024,2021.99,Credit Card,444.84,121.32,80.88,101.1,0,50,0,60.66,0,151.65,40.44,1050.89,971.1,Paid
275,46,Male,31,Texas,Regular,4/27/2021,4/28/2021,5/2/2021,Laundry,4,1.23,Light,Home Delivery,8835.21,5/2/2021,8835.21,Cash,1590.34,353.41,353.41,441.76,0,20,353.41,265.06,0,662.64,176.7,4216.73,4618.48,Paid
276,49,Male,29,Alabama,Regular,3/20/2024,3/21/2024,3/25/2024,Laundry,16,10.37,Mixed,Home Delivery,1303,3/21/2024,1303,Cash,286.66,78.18,52.12,65.15,0,35,52.12,39.09,0,97.73,26.06,732.11,570.89,Paid
277,4,Male,26,Washington,Regular,4/17/2025,4/18/2025,4/22/2025,Laundry,3,1.61,Mixed,Customer Pickup,1516.76,4/22/2025,1516.76,Online Payment,333.69,60.67,60.67,75.84,0,20,0,45.5,0,113.76,30.34,740.47,776.29,Paid
278,74,Male,22,Georgia,Regular,9/10/2023,9/11/2023,9/15/2023,Laundry,27,14.58,Mixed,Home Delivery,5986.31,9/15/2023,5986.31,Online Payment,1316.99,359.18,239.45,299.32,0,50,239.45,179.59,0,448.97,119.73,3252.68,2733.63,Paid
279,59,Male,34,New York,Student,12/15/2022,12/16/2022,12/20/2022,Ironing,10,5.9,Mixed,Customer Pickup,7613.95,12/20/2022,7613.95,Credit Card,1675.07,380.7,0,0,0,20,0,228.42,0,571.05,152.28,3027.52,4586.43,Paid
280,70,Female,42,Georgia,Corporate,11/11/2023,11/12/2023,11/16/2023,Dry Cleaning,2,0.54,Light,Customer Pickup,9663.98,11/16/2023,9663.98,Cash,1739.52,386.56,0,0,579.84,20,0,289.92,0,724.8,193.28,3933.92,5730.06,Paid
281,73,Female,60,Ohio,Regular,10/11/2022,10/12/2022,10/16/2022,Laundry,4,3.38,Heavy,Home Delivery,1902.3,10/16/2022,1902.3,Cash,494.6,76.09,76.09,95.12,0,20,76.09,57.07,0,142.67,38.05,1075.78,826.52,Paid
282,56,Female,57,Georgia,Regular,9/29/2022,9/30/2022,10/4/2022,Dry Cleaning,17,14.51,Heavy,Home Delivery,14952.82,9/30/2022,14952.82,Cash,3887.73,897.17,0,0,897.17,35,598.11,448.58,0,1121.46,299.06,8184.28,6768.54,Paid
283,61,Female,44,Florida,Corporate,6/4/2024,6/5/2024,6/9/2024,Dry Cleaning,18,10.21,Mixed,Home Delivery,8100.36,6/5/2024,8100.36,Cash,1782.08,486.02,0,0,486.02,35,324.01,243.01,405.02,607.53,162.01,3720.66,4379.7,Paid
284,36,Female,37,Texas,Corporate,5/10/2021,5/11/2021,5/15/2021,Ironing,4,2.42,Mixed,Customer Pickup,8567.66,5/11/2021,8567.66,Online Payment,1884.89,342.71,0,0,0,20,0,257.03,0,642.57,171.35,3318.55,5249.11,Paid
285,98,Male,42,District of Columbia,Regular,3/27/2025,3/28/2025,4/1/2025,Ironing,5,2.62,Mixed,Customer Pickup,13464.73,4/1/2025,13464.73,Cash,2962.24,538.59,0,0,0,20,0,403.94,0,1009.85,269.29,5203.91,8260.82,Paid
286,80,Male,27,Connecticut,Regular,5/14/2021,5/15/2021,5/19/2021,Laundry,13,4.16,Light,Home Delivery,2985.99,5/19/2021,2985.99,Credit Card,537.48,119.44,119.44,149.3,0,35,119.44,89.58,0,223.95,59.72,1453.35,1532.64,Paid
287,7,Female,64,New Mexico,Regular,6/7/2023,6/8/2023,6/12/2023,Ironing,29,14.63,Mixed,Home Delivery,13063.56,6/12/2023,13063.56,Credit Card,2873.98,783.81,0,0,0,50,522.54,391.91,653.18,979.77,261.27,5210.1,7853.46,Paid
288,94,Male,32,Iowa,Regular,1/18/2021,1/19/2021,1/23/2021,Laundry,10,2.54,Light,Home Delivery,10647.61,1/23/2021,10647.61,Cash,1916.57,425.9,425.9,532.38,0,20,425.9,319.43,532.38,798.57,212.95,4545.22,6102.39,Paid
289,49,Male,29,Alabama,Regular,6/30/2023,7/1/2023,7/5/2023,Laundry,7,1.83,Light,Customer Pickup,11806.14,7/5/2023,11806.14,Online Payment,2125.11,472.25,472.25,590.31,0,20,0,354.18,0,885.46,236.12,5155.68,6650.46,Paid
290,62,Male,32,North Carolina,Student,8/30/2025,8/31/2025,9/4/2025,Laundry,19,10.85,Mixed,Home Delivery,12140.38,9/4/2025,12140.38,Cash,2670.88,728.42,485.62,607.02,0,35,485.62,364.21,607.02,910.53,242.81,5923.09,6217.29,Paid
291,61,Female,44,Florida,Corporate,12/16/2024,12/17/2024,12/21/2024,Laundry,13,3.27,Light,Customer Pickup,7179.99,12/21/2024,7179.99,Cash,1292.4,287.2,287.2,359,0,35,0,215.4,0,538.5,143.6,3158.3,4021.69,Paid
292,20,Female,46,New York,Student,5/20/2021,5/21/2021,5/25/2021,Ironing,18,10.77,Mixed,Customer Pickup,2027.34,5/21/2021,2027.34,Cash,446.01,121.64,0,0,0,35,0,60.82,0,152.05,40.55,856.07,1171.27,Paid
293,18,Female,61,Massachusetts,Regular,10/31/2025,11/1/2025,11/5/2025,Laundry,11,5.87,Mixed,Customer Pickup,1175.85,11/5/2025,1175.85,Cash,258.69,58.79,47.03,58.79,0,35,0,35.28,0,88.19,23.52,605.29,570.56,Paid
294,26,Male,31,Texas,Student,3/5/2025,3/6/2025,3/10/2025,Laundry,9,2.39,Light,Customer Pickup,10537.25,3/6/2025,10537.25,Online Payment,1896.71,421.49,421.49,526.86,0,20,0,316.12,0,790.29,210.75,4603.71,5933.54,Paid
295,78,Male,22,Florida,Regular,3/20/2025,3/21/2025,3/25/2025,Ironing,21,5.48,Light,Home Delivery,9246.38,3/25/2025,9246.38,Credit Card,1664.35,462.32,0,0,0,50,369.86,277.39,0,693.48,184.93,3702.33,5544.05,Paid
296,11,Female,49,Kentucky,Regular,1/30/2023,1/31/2023,2/4/2023,Laundry,25,6.43,Light,Home Delivery,8753.03,1/30/2023,8753.03,Credit Card,1575.55,437.65,350.12,437.65,0,50,350.12,262.59,0,656.48,175.06,4295.22,4457.81,Paid
297,22,Female,51,Pennsylvania,Regular,4/7/2021,4/8/2021,4/12/2021,Dry Cleaning,5,2.53,Mixed,Customer Pickup,14075.39,4/12/2021,14075.39,Cash,3096.59,563.02,0,0,844.52,20,0,422.26,703.77,1055.65,281.51,5579.78,8495.61,Paid
298,75,Male,40,Texas,Student,6/11/2025,6/12/2025,6/16/2025,Laundry,24,15.57,Mixed,Home Delivery,10951.02,6/16/2025,10951.02,Online Payment,2409.22,657.06,438.04,547.55,0,50,438.04,328.53,0,821.33,219.02,5908.79,5042.23,Paid
299,8,Male,26,South Carolina,Corporate,3/16/2025,3/17/2025,3/21/2025,Laundry,17,5.66,Light,Customer Pickup,5570.65,3/21/2025,5570.65,Credit Card,1002.72,278.53,222.83,278.53,0,35,0,167.12,0,417.8,111.41,2513.94,3056.71,Paid
300,14,Male,31,Tennessee,Regular,7/4/2025,7/5/2025,7/9/2025,Ironing,12,3.21,Light,Customer Pickup,4997.74,7/5/2025,4997.74,Online Payment,899.59,199.91,0,0,0,35,0,149.93,0,374.83,99.95,1759.21,3238.53,Paid
301,48,Female,47,Florida,Student,9/29/2021,9/30/2021,10/4/2021,Ironing,25,14,Mixed,Customer Pickup,3299.5,10/4/2021,3299.5,Credit Card,725.89,197.97,0,0,0,50,0,98.99,0,247.46,65.99,1386.3,1913.2,Paid
302,95,Male,34,Nevada,Regular,3/27/2023,3/28/2023,4/1/2023,Laundry,27,25.37,Heavy,Customer Pickup,14787.77,4/1/2023,14787.77,Online Payment,3844.82,887.27,591.51,739.39,0,50,0,443.63,0,1109.08,295.76,7961.46,6826.31,Paid
303,32,Female,36,New Mexico,Student,9/28/2021,9/29/2021,10/3/2021,Laundry,2,1.68,Heavy,Customer Pickup,11647.38,10/3/2021,11647.38,Cash,3028.32,465.9,465.9,582.37,0,20,0,349.42,0,873.55,232.95,6018.41,5628.97,Paid
304,72,Female,58,New Mexico,Student,7/25/2025,7/26/2025,7/30/2025,Laundry,27,7.41,Light,Customer Pickup,10658.2,7/30/2025,10658.2,Online Payment,1918.48,532.91,426.33,532.91,0,50,0,319.75,0,799.37,213.16,4792.91,5865.29,Paid
305,66,Male,42,New York,Student,8/20/2023,8/21/2023,8/25/2023,Ironing,5,1.67,Light,Customer Pickup,10272.13,8/21/2023,10272.13,Cash,1848.98,410.89,0,0,0,20,0,308.16,0,770.41,205.44,3563.88,6708.25,Paid
306,12,Female,46,West Virginia,Regular,2/20/2023,2/21/2023,2/25/2023,Laundry,29,16.47,Mixed,Home Delivery,12998.34,2/25/2023,12998.34,Online Payment,2859.63,779.9,519.93,649.92,0,50,519.93,389.95,649.92,974.88,259.97,6354.19,6644.15,Paid
307,63,Female,55,Maryland,Student,3/24/2024,3/25/2024,3/29/2024,Dry Cleaning,20,12.26,Mixed,Customer Pickup,13588.71,3/29/2024,13588.71,Credit Card,2989.52,815.32,0,0,815.32,35,0,407.66,0,1019.15,271.77,6353.74,7234.97,Paid
308,77,Male,29,District of Columbia,Corporate,5/31/2022,6/1/2022,6/5/2022,Ironing,24,13.45,Mixed,Home Delivery,1640.58,6/5/2022,1640.58,Credit Card,360.93,98.43,0,0,0,50,65.62,49.22,0,123.04,32.81,780.05,860.53,Paid
309,95,Male,34,Nevada,Regular,10/1/2021,10/2/2021,10/6/2021,Ironing,20,12.28,Mixed,Home Delivery,12008.8,10/1/2021,12008.8,Credit Card,2641.94,720.53,0,0,0,35,480.35,360.26,0,900.66,240.18,5378.92,6629.88,Paid
310,46,Male,31,Texas,Regular,7/8/2022,7/9/2022,7/13/2022,Laundry,13,4.01,Light,Home Delivery,6852.54,7/13/2022,6852.54,Cash,1233.46,274.1,274.1,342.63,0,35,274.1,205.58,0,513.94,137.05,3289.96,3562.58,Paid
311,42,Female,52,Nevada,Student,8/6/2021,8/7/2021,8/11/2021,Mending,7,2.21,Light,Home Delivery,617.62,8/6/2021,617.62,Online Payment,111.17,24.7,0,0,0,20,24.7,18.53,0,46.32,12.35,257.77,359.85,Paid
312,74,Male,22,Georgia,Regular,3/20/2022,3/21/2022,3/25/2022,Laundry,21,12.18,Mixed,Home Delivery,12578.33,3/20/2022,12578.33,Online Payment,2767.23,754.7,503.13,628.92,0,50,503.13,377.35,628.92,943.37,251.57,6150.48,6427.85,Paid
313,43,Male,34,California,Regular,6/4/2021,6/5/2021,6/9/2021,Laundry,12,12.1,Heavy,Home Delivery,11810.77,6/4/2021,11810.77,Online Payment,3070.8,708.65,472.43,590.54,0,35,472.43,354.32,0,885.81,236.22,6826.2,4984.57,Paid
314,93,Female,35,North Carolina,Regular,7/5/2023,7/6/2023,7/10/2023,Dry Cleaning,30,10.1,Light,Customer Pickup,11907.24,7/10/2023,11907.24,Cash,2143.3,714.43,0,0,714.43,50,0,357.22,0,893.04,238.14,5110.56,6796.68,Paid
315,36,Female,37,Texas,Corporate,4/4/2022,4/5/2022,4/9/2022,Laundry,8,7.01,Heavy,Home Delivery,14231.02,4/4/2022,14231.02,Online Payment,3700.07,711.55,569.24,711.55,0,20,569.24,426.93,0,1067.33,284.62,8060.53,6170.49,Paid
316,100,Male,27,Colorado,Walk-in,8/25/2021,8/26/2021,8/30/2021,Stain Removal,12,3.79,Light,Customer Pickup,9617.9,8/30/2021,9617.9,Credit Card,1731.22,384.72,288.54,192.36,384.72,35,0,288.54,0,721.34,192.36,4218.8,5399.1,Paid
317,92,Female,37,New York,Regular,8/5/2023,8/6/2023,8/10/2023,Ironing,7,2.14,Light,Customer Pickup,3729.98,8/10/2023,3729.98,Cash,671.4,149.2,0,0,0,20,0,111.9,0,279.75,74.6,1306.85,2423.13,Paid
318,60,Male,19,Georgia,Corporate,7/19/2023,7/20/2023,7/24/2023,Laundry,10,6.17,Mixed,Customer Pickup,11082.2,7/20/2023,11082.2,Cash,2438.08,554.11,443.29,554.11,0,20,0,332.47,0,831.17,221.64,5394.87,5687.33,Paid
319,23,Male,34,California,Student,10/13/2023,10/14/2023,10/18/2023,Mending,11,3.03,Light,Customer Pickup,4273.79,10/13/2023,4273.79,Online Payment,769.28,170.95,0,0,0,35,0,128.21,0,320.53,85.48,1509.45,2764.34,Paid
320,35,Female,64,Utah,Student,9/14/2025,9/15/2025,9/19/2025,Stain Removal,25,15.93,Mixed,Customer Pickup,2546.36,9/19/2025,2546.36,Cash,560.2,152.78,76.39,50.93,101.85,50,0,76.39,127.32,190.98,50.93,1183.13,1363.23,Paid
321,5,Male,29,Texas,Student,2/10/2025,2/11/2025,2/15/2025,Ironing,8,4.98,Mixed,Customer Pickup,10836.97,2/10/2025,10836.97,Online Payment,2384.13,433.48,0,0,0,20,0,325.11,0,812.77,216.74,4192.23,6644.74,Paid
322,19,Male,20,Georgia,Student,8/27/2023,8/28/2023,9/1/2023,Laundry,4,2.2,Mixed,Customer Pickup,9751.4,9/1/2023,9751.4,Online Payment,2145.31,390.06,390.06,487.57,0,20,0,292.54,0,731.36,195.03,4651.93,5099.47,Paid
323,80,Male,27,Connecticut,Regular,7/12/2025,7/13/2025,7/17/2025,Dry Cleaning,30,8.22,Light,Customer Pickup,11766.03,7/17/2025,11766.03,Cash,2117.89,588.3,0,0,705.96,50,0,352.98,0,882.45,235.32,4932.9,6833.13,Paid
324,44,Male,37,New York,Student,9/26/2025,9/27/2025,10/1/2025,Laundry,29,15.3,Mixed,Customer Pickup,1424.47,9/26/2025,1424.47,Online Payment,313.38,85.47,56.98,71.22,0,50,0,42.73,71.22,106.84,28.49,683.89,740.58,Paid
325,78,Male,22,Florida,Regular,10/8/2024,10/9/2024,10/13/2024,Laundry,18,9.54,Mixed,Customer Pickup,14303.06,10/13/2024,14303.06,Cash,3146.67,715.15,572.12,715.15,0,35,0,429.09,0,1072.73,286.06,6971.97,7331.09,Paid
326,59,Male,34,New York,Student,7/24/2021,7/25/2021,7/29/2021,Mending,18,10.23,Mixed,Customer Pickup,5257.86,7/24/2021,5257.86,Online Payment,1156.73,315.47,0,0,0,35,0,157.74,0,394.34,105.16,2164.44,3093.42,Paid
327,59,Male,34,New York,Student,9/29/2025,9/30/2025,10/4/2025,Laundry,11,3.49,Light,Home Delivery,1620.47,9/30/2025,1620.47,Online Payment,291.68,64.82,64.82,81.02,0,35,64.82,48.61,0,121.54,32.41,804.72,815.75,Paid
328,17,Male,44,Illinois,Student,8/23/2025,8/24/2025,8/28/2025,Laundry,4,2.59,Mixed,Customer Pickup,5920.29,8/28/2025,5920.29,Cash,1302.46,236.81,236.81,296.01,0,20,0,177.61,0,444.02,118.41,2832.13,3088.16,Paid
329,9,Female,54,New York,Regular,2/9/2024,2/10/2024,2/14/2024,Dry Cleaning,11,3.75,Light,Customer Pickup,14297.89,2/14/2024,14297.89,Cash,2573.62,571.92,0,0,857.87,35,0,428.94,0,1072.34,285.96,5825.65,8472.24,Paid
330,94,Male,32,Iowa,Regular,7/17/2024,7/18/2024,7/22/2024,Dry Cleaning,15,8.85,Mixed,Customer Pickup,12127.56,7/22/2024,12127.56,Cash,2668.06,606.38,0,0,727.65,35,0,363.83,0,909.57,242.55,5553.04,6574.52,Paid
331,43,Male,34,California,Regular,4/29/2021,4/30/2021,5/4/2021,Ironing,15,4.15,Light,Customer Pickup,4117.04,5/4/2021,4117.04,Cash,741.07,164.68,0,0,0,35,0,123.51,0,308.78,82.34,1455.38,2661.66,Paid
332,31,Male,39,New York,Student,1/13/2022,1/14/2022,1/18/2022,Dry Cleaning,22,21.1,Heavy,Customer Pickup,12299.53,1/13/2022,12299.53,Credit Card,3197.88,737.97,0,0,737.97,50,0,368.99,0,922.46,245.99,6261.26,6038.27,Paid
333,24,Female,47,District of Columbia,Regular,3/12/2025,3/13/2025,3/17/2025,Dry Cleaning,12,7.53,Mixed,Home Delivery,13563.89,3/17/2025,13563.89,Online Payment,2984.06,678.19,0,0,813.83,35,542.56,406.92,0,1017.29,271.28,6749.13,6814.76,Paid
334,29,Female,54,Florida,Student,7/24/2021,7/25/2021,7/29/2021,Laundry,24,14.43,Mixed,Customer Pickup,5810.84,7/29/2021,5810.84,Cash,1278.38,348.65,232.43,290.54,0,50,0,174.33,0,435.81,116.22,2926.36,2884.48,Paid
335,72,Female,58,New Mexico,Student,8/2/2024,8/3/2024,8/7/2024,Stain Removal,7,4.35,Mixed,Home Delivery,2775.74,8/7/2024,2775.74,Online Payment,610.66,111.03,83.27,55.51,111.03,20,111.03,83.27,0,208.18,55.51,1449.49,1326.25,Paid
336,72,Female,58,New Mexico,Student,12/19/2021,12/20/2021,12/24/2021,Ironing,10,5.06,Mixed,Customer Pickup,779.71,12/20/2021,779.71,Cash,171.54,38.99,0,0,0,20,0,23.39,0,58.48,15.59,327.99,451.72,Paid
337,42,Female,52,Nevada,Student,8/6/2023,8/7/2023,8/11/2023,Laundry,7,2.28,Light,Customer Pickup,9384.91,8/6/2023,9384.91,Online Payment,1689.28,375.4,375.4,469.25,0,20,0,281.55,0,703.87,187.7,4102.45,5282.46,Paid
338,94,Male,32,Iowa,Regular,8/7/2021,8/8/2021,8/12/2021,Laundry,13,12.97,Heavy,Customer Pickup,14832.42,8/12/2021,14832.42,Cash,3856.43,889.95,593.3,741.62,0,35,0,444.97,0,1112.43,296.65,7970.35,6862.07,Paid
339,45,Male,29,Georgia,Regular,7/18/2021,7/19/2021,7/23/2021,Laundry,22,17.78,Heavy,Home Delivery,11107.45,7/19/2021,11107.45,Cash,2887.94,666.45,444.3,555.37,0,50,444.3,333.22,0,833.06,222.15,6436.79,4670.66,Paid
340,43,Male,34,California,Regular,7/21/2025,7/22/2025,7/26/2025,Laundry,5,4.24,Heavy,Customer Pickup,11336.73,7/26/2025,11336.73,Cash,2947.55,453.47,453.47,566.84,0,20,0,340.1,566.84,850.25,226.73,5291.57,6045.16,Paid
341,78,Male,22,Florida,Regular,1/30/2024,1/31/2024,2/4/2024,Laundry,7,2.26,Light,Customer Pickup,10980.49,2/4/2024,10980.49,Cash,1976.49,439.22,439.22,549.02,0,20,0,329.41,0,823.54,219.61,4796.51,6183.98,Paid
342,63,Female,55,Maryland,Student,1/10/2021,1/11/2021,1/15/2021,Ironing,7,3.64,Mixed,Customer Pickup,3982.74,1/15/2021,3982.74,Cash,876.2,159.31,0,0,0,20,0,119.48,0,298.71,79.65,1553.35,2429.39,Paid
343,77,Male,29,District of Columbia,Corporate,3/17/2023,3/18/2023,3/22/2023,Laundry,27,15.53,Mixed,Customer Pickup,4289.35,3/17/2023,4289.35,Credit Card,943.66,257.36,171.57,214.47,0,50,0,128.68,0,321.7,85.79,2173.23,2116.12,Paid
344,97,Male,29,Alabama,Corporate,11/13/2025,11/14/2025,11/18/2025,Ironing,10,5.16,Mixed,Customer Pickup,9010.76,11/18/2025,9010.76,Credit Card,1982.37,450.54,0,0,0,20,0,270.32,0,675.81,180.22,3579.26,5431.5,Paid
345,55,Male,21,New York,Student,10/18/2022,10/19/2022,10/23/2022,Laundry,20,5.06,Light,Home Delivery,11412.44,10/23/2022,11412.44,Online Payment,2054.24,570.62,456.5,570.62,0,35,456.5,342.37,0,855.93,228.25,5570.03,5842.41,Paid
346,81,Male,35,Florida,Regular,4/27/2021,4/28/2021,5/2/2021,Mending,12,7.51,Mixed,Customer Pickup,5705.05,4/27/2021,5705.05,Online Payment,1255.11,285.25,0,0,0,35,0,171.15,0,427.88,114.1,2288.49,3416.56,Paid
347,39,Female,64,Kentucky,Regular,8/31/2025,9/1/2025,9/5/2025,Laundry,12,6.16,Mixed,Customer Pickup,3925.81,9/5/2025,3925.81,Cash,863.68,196.29,157.03,196.29,0,35,0,117.77,0,294.44,78.52,1939.02,1986.79,Paid
348,51,Female,39,California,Corporate,3/24/2022,3/25/2022,3/29/2022,Stain Removal,19,12.19,Mixed,Home Delivery,6992.22,3/29/2022,6992.22,Cash,1538.29,419.53,209.77,139.84,279.69,35,279.69,209.77,0,524.42,139.84,3775.84,3216.38,Paid
349,39,Female,64,Kentucky,Regular,4/10/2024,4/11/2024,4/15/2024,Dry Cleaning,23,21.44,Heavy,Customer Pickup,9693.39,4/11/2024,9693.39,Cash,2520.28,581.6,0,0,581.6,50,0,290.8,0,727,193.87,4945.15,4748.24,Paid
350,40,Male,37,Minnesota,Regular,10/2/2022,10/3/2022,10/7/2022,Ironing,16,4.6,Light,Customer Pickup,1235.67,10/3/2022,1235.67,Online Payment,222.42,49.43,0,0,0,35,0,37.07,0,92.68,24.71,461.31,774.36,Paid
351,83,Female,50,Alabama,Regular,6/18/2024,6/19/2024,6/23/2024,Laundry,30,17.52,Mixed,Express,8715.76,6/23/2024,8715.76,Cash,1917.47,522.95,348.63,435.79,0,50,522.95,261.47,0,653.68,174.32,4887.26,3828.5,Paid
352,95,Male,34,Nevada,Regular,12/18/2023,12/19/2023,12/23/2023,Dry Cleaning,17,5.4,Light,Home Delivery,5130.27,12/23/2023,5130.27,Credit Card,923.45,256.51,0,0,307.82,35,205.21,153.91,0,384.77,102.61,2369.28,2760.99,Paid
353,25,Male,44,Tennessee,Student,6/1/2021,6/2/2021,6/6/2021,Mending,23,13.88,Mixed,Customer Pickup,5299.13,6/6/2021,5299.13,Cash,1165.81,317.95,0,0,0,50,0,158.97,0,397.43,105.98,2196.14,3102.99,Paid
354,41,Female,54,California,Corporate,4/14/2025,4/15/2025,4/19/2025,Laundry,16,4.68,Light,Customer Pickup,3761.09,4/14/2025,3761.09,Online Payment,677,150.44,150.44,188.05,0,35,0,112.83,0,282.08,75.22,1671.06,2090.03,Paid
355,27,Male,34,Kansas,Regular,12/19/2023,12/20/2023,12/24/2023,Laundry,30,15.22,Mixed,Customer Pickup,8938.79,12/20/2023,8938.79,Cash,1966.53,536.33,357.55,446.94,0,50,0,268.16,0,670.41,178.78,4474.7,4464.09,Paid
356,12,Female,46,West Virginia,Regular,3/17/2022,3/18/2022,3/22/2022,Stain Removal,21,13.58,Mixed,Customer Pickup,3744.13,3/17/2022,3744.13,Online Payment,823.71,224.65,112.32,74.88,149.77,50,0,112.32,0,280.81,74.88,1903.34,1840.79,Paid
357,80,Male,27,Connecticut,Regular,10/9/2024,10/10/2024,10/14/2024,Dry Cleaning,5,1.62,Light,Customer Pickup,14153.82,10/14/2024,14153.82,Cash,2547.69,566.15,0,0,849.23,20,0,424.61,0,1061.54,283.08,5752.3,8401.52,Paid
358,61,Female,44,Florida,Corporate,10/12/2021,10/13/2021,10/17/2021,Ironing,8,2.61,Light,Customer Pickup,522.56,10/17/2021,522.56,Cash,94.06,20.9,0,0,0,20,0,15.68,0,39.19,10.45,200.28,322.28,Paid
359,65,Male,44,Michigan,Regular,8/12/2025,8/13/2025,8/17/2025,Laundry,22,12.93,Mixed,Customer Pickup,5323.8,8/17/2025,5323.8,Cash,1171.24,319.43,212.95,266.19,0,50,0,159.71,266.19,399.29,106.48,2419.1,2904.7,Paid
360,40,Male,37,Minnesota,Regular,3/14/2023,3/15/2023,3/19/2023,Laundry,26,8.17,Light,Customer Pickup,10995.43,3/15/2023,10995.43,Cash,1979.18,549.77,439.82,549.77,0,50,0,329.86,0,824.66,219.91,4942.97,6052.46,Paid
361,7,Female,64,New Mexico,Regular,6/20/2022,6/21/2022,6/25/2022,Laundry,6,3.41,Mixed,Express,9925.96,6/25/2022,9925.96,Cash,2183.71,397.04,397.04,496.3,0,20,595.56,297.78,0,744.45,198.52,5330.4,4595.56,Paid
362,12,Female,46,West Virginia,Regular,7/30/2024,7/31/2024,8/4/2024,Stain Removal,21,11.63,Mixed,Customer Pickup,1582.41,8/4/2024,1582.41,Cash,348.13,94.94,47.47,31.65,63.3,50,0,47.47,0,118.68,31.65,833.29,749.12,Paid
363,41,Female,54,California,Corporate,12/16/2022,12/17/2022,12/21/2022,Dry Cleaning,27,7.89,Light,Customer Pickup,7947.87,12/16/2022,7947.87,Online Payment,1430.62,397.39,0,0,476.87,50,0,238.44,0,596.09,158.96,3348.37,4599.5,Paid
364,67,Male,39,Illinois,Corporate,5/4/2022,5/5/2022,5/9/2022,Laundry,16,8.08,Mixed,Customer Pickup,12787.31,5/9/2022,12787.31,Cash,2813.21,639.37,511.49,639.37,0,35,0,383.62,0,959.05,255.75,6236.86,6550.45,Paid
365,14,Male,31,Tennessee,Regular,4/26/2022,4/27/2022,5/1/2022,Laundry,24,15.24,Mixed,Home Delivery,7900.31,5/1/2022,7900.31,Online Payment,1738.07,474.02,316.01,395.02,0,50,316.01,237.01,0,592.52,158.01,4276.67,3623.64,Paid
366,66,Male,42,New York,Student,4/14/2023,4/15/2023,4/19/2023,Dry Cleaning,11,6.17,Mixed,Home Delivery,11013.93,4/15/2023,11013.93,Cash,2423.06,550.7,0,0,660.84,35,440.56,330.42,0,826.04,220.28,5486.9,5527.03,Paid
367,87,Male,34,Ohio,Regular,9/24/2025,9/25/2025,9/29/2025,Laundry,4,1.13,Light,Customer Pickup,12687.92,9/29/2025,12687.92,Cash,2283.83,507.52,507.52,634.4,0,20,0,380.64,0,951.59,253.76,5539.26,7148.66,Paid
368,39,Female,64,Kentucky,Regular,2/25/2025,2/26/2025,3/2/2025,Laundry,25,14.09,Mixed,Customer Pickup,6188.14,2/25/2025,6188.14,Online Payment,1361.39,371.29,247.53,309.41,0,50,0,185.64,0,464.11,123.76,3113.13,3075.01,Paid
369,34,Male,31,District of Columbia,Regular,4/10/2021,4/11/2021,4/15/2021,Laundry,20,10.4,Mixed,Customer Pickup,8288.67,4/15/2021,8288.67,Credit Card,1823.51,497.32,331.55,414.43,0,35,0,248.66,0,621.65,165.77,4137.89,4150.78,Paid
370,51,Female,39,California,Corporate,11/2/2024,11/3/2024,11/7/2024,Stain Removal,15,4.35,Light,Home Delivery,14020.76,11/7/2024,14020.76,Credit Card,2523.74,560.83,420.62,280.42,560.83,35,560.83,420.62,0,1051.56,280.42,6694.87,7325.89,Paid
371,52,Female,47,Indiana,Regular,11/10/2024,11/11/2024,11/15/2024,Laundry,27,8.34,Light,Customer Pickup,14523.41,11/11/2024,14523.41,Cash,2614.21,726.17,580.94,726.17,0,50,0,435.7,726.17,1089.26,290.47,5786.75,8736.66,Paid
372,6,Male,31,Pennsylvania,Regular,1/4/2021,1/5/2021,1/9/2021,Dry Cleaning,29,17.77,Mixed,Home Delivery,10910.82,1/9/2021,10910.82,Cash,2400.38,654.65,0,0,654.65,50,436.43,327.32,0,818.31,218.22,5559.96,5350.86,Paid
373,74,Male,22,Georgia,Regular,8/5/2021,8/6/2021,8/10/2021,Laundry,13,4.54,Light,Home Delivery,14353.47,8/6/2021,14353.47,Cash,2583.62,574.14,574.14,717.67,0,35,574.14,430.6,0,1076.51,287.07,6852.89,7500.58,Paid
374,51,Female,39,California,Corporate,3/29/2023,3/30/2023,4/3/2023,Laundry,18,10.93,Mixed,Home Delivery,5527.66,4/3/2023,5527.66,Cash,1216.09,331.66,221.11,276.38,0,35,221.11,165.83,276.38,414.57,110.55,2715.92,2811.74,Paid
375,32,Female,36,New Mexico,Student,8/18/2021,8/19/2021,8/23/2021,Stain Removal,6,3.53,Mixed,Home Delivery,3414.28,8/19/2021,3414.28,Cash,751.14,136.57,102.43,68.29,136.57,20,136.57,102.43,0,256.07,68.29,1778.36,1635.92,Paid
376,8,Male,26,South Carolina,Corporate,4/24/2021,4/25/2021,4/29/2021,Ironing,22,7.31,Light,Home Delivery,1373.62,4/29/2021,1373.62,Credit Card,247.25,68.68,0,0,0,50,54.94,41.21,0,103.02,27.47,592.57,781.05,Paid
377,45,Male,29,Georgia,Regular,11/29/2025,11/30/2025,12/4/2025,Dry Cleaning,19,17.05,Heavy,Home Delivery,4551.24,12/4/2025,4551.24,Credit Card,1183.32,273.07,0,0,273.07,35,182.05,136.54,0,341.34,91.02,2515.41,2035.83,Paid
378,98,Male,42,District of Columbia,Regular,12/25/2024,12/26/2024,12/30/2024,Laundry,17,8.91,Mixed,Customer Pickup,737.48,12/26/2024,737.48,Online Payment,162.25,36.87,29.5,36.87,0,35,0,22.12,0,55.31,14.75,392.67,344.81,Paid
379,56,Female,57,Georgia,Regular,5/13/2024,5/14/2024,5/18/2024,Laundry,3,1,Light,Home Delivery,5559.71,5/18/2024,5559.71,Cash,1000.75,222.39,222.39,277.99,0,20,222.39,166.79,0,416.98,111.19,2660.87,2898.84,Paid
380,84,Female,58,Colorado,Walk-in,7/30/2024,7/31/2024,8/4/2024,Ironing,8,2.56,Light,Home Delivery,8888.14,7/30/2024,8888.14,Online Payment,1599.87,355.53,0,0,0,20,355.53,266.64,0,666.61,177.76,3441.94,5446.2,Paid
381,54,Male,32,Pennsylvania,Regular,7/11/2023,7/12/2023,7/16/2023,Laundry,24,26.14,Heavy,Home Delivery,1342.19,7/16/2023,1342.19,Credit Card,348.97,80.53,53.69,67.11,0,50,53.69,40.27,0,100.66,26.84,821.76,520.43,Paid
382,16,Male,36,California,Student,2/26/2024,2/27/2024,3/2/2024,Ironing,5,1.62,Light,Customer Pickup,8569.89,3/2/2024,8569.89,Cash,1542.58,342.8,0,0,0,20,0,257.1,0,642.74,171.4,2976.62,5593.27,Paid
383,18,Female,61,Massachusetts,Regular,5/31/2022,6/1/2022,6/5/2022,Mending,9,5.55,Mixed,Customer Pickup,4902.53,6/1/2022,4902.53,Cash,1078.56,245.13,0,0,0,20,0,147.08,0,367.69,98.05,1956.51,2946.02,Paid
384,41,Female,54,California,Corporate,10/24/2022,10/25/2022,10/29/2022,Mending,15,9.03,Mixed,Customer Pickup,4167.61,10/25/2022,4167.61,Cash,916.87,208.38,0,0,0,35,0,125.03,0,312.57,83.35,1681.2,2486.41,Paid
385,50,Male,42,Maryland,Regular,5/9/2023,5/10/2023,5/14/2023,Laundry,15,7.66,Mixed,Customer Pickup,4424.66,5/14/2023,4424.66,Online Payment,973.43,221.23,176.99,221.23,0,35,0,132.74,0,331.85,88.49,2180.96,2243.7,Paid
386,28,Male,36,Oregon,Regular,3/15/2021,3/16/2021,3/20/2021,Mending,22,12.04,Mixed,Customer Pickup,12822.88,3/20/2021,12822.88,Cash,2821.03,769.37,0,0,0,50,0,384.69,0,961.72,256.46,5243.27,7579.61,Paid
387,90,Male,42,North Carolina,Corporate,1/18/2021,1/19/2021,1/23/2021,Ironing,29,8.32,Light,Customer Pickup,3615.51,1/23/2021,3615.51,Cash,650.79,180.78,0,0,0,50,0,108.47,180.78,271.16,72.31,1152.73,2462.78,Paid
388,65,Male,44,Michigan,Regular,3/29/2021,3/30/2021,4/3/2021,Mending,24,8.14,Light,Customer Pickup,2837.37,4/3/2021,2837.37,Cash,510.73,141.87,0,0,0,50,0,85.12,0,212.8,56.75,1057.27,1780.1,Paid
389,55,Male,21,New York,Student,3/11/2021,3/12/2021,3/16/2021,Laundry,29,8.28,Light,Home Delivery,12505.5,3/16/2021,12505.5,Cash,2250.99,625.28,500.22,625.28,0,50,500.22,375.17,0,937.91,250.11,6115.18,6390.32,Paid
390,77,Male,29,District of Columbia,Corporate,6/7/2021,6/8/2021,6/12/2021,Stain Removal,30,7.81,Light,Customer Pickup,14882.41,6/12/2021,14882.41,Cash,2678.83,744.12,446.47,297.65,595.3,50,0,446.47,0,1116.18,297.65,6672.67,8209.74,Paid
391,22,Female,51,Pennsylvania,Regular,11/18/2022,11/19/2022,11/23/2022,Ironing,18,10.23,Mixed,Customer Pickup,8800.66,11/23/2022,8800.66,Cash,1936.15,528.04,0,0,0,35,0,264.02,0,660.05,176.01,3599.27,5201.39,Paid
392,80,Male,27,Connecticut,Regular,12/20/2025,12/21/2025,12/25/2025,Mending,16,5.54,Light,Customer Pickup,4578.62,12/25/2025,4578.62,Credit Card,824.15,228.93,0,0,0,35,0,137.36,0,343.4,91.57,1660.41,2918.21,Paid
393,31,Male,39,New York,Student,4/13/2022,4/14/2022,4/18/2022,Dry Cleaning,27,7.94,Light,Home Delivery,14149.66,4/18/2022,14149.66,Credit Card,2546.94,707.48,0,0,848.98,50,565.99,424.49,0,1061.22,282.99,6488.09,7661.57,Paid
394,15,Male,20,Colorado,Student,9/12/2021,9/13/2021,9/17/2021,Laundry,17,4.8,Light,Customer Pickup,9882.55,9/17/2021,9882.55,Cash,1778.86,395.3,395.3,494.13,0,35,0,296.48,0,741.19,197.65,4333.91,5548.64,Paid
395,80,Male,27,Connecticut,Regular,3/11/2022,3/12/2022,3/16/2022,Laundry,19,5.32,Light,Customer Pickup,6700.93,3/16/2022,6700.93,Online Payment,1206.17,335.05,268.04,335.05,0,35,0,201.03,0,502.57,134.02,3016.93,3684,Paid
396,55,Male,21,New York,Student,7/20/2024,7/21/2024,7/25/2024,Ironing,4,1.21,Light,Express,2014.8,7/25/2024,2014.8,Cash,362.66,80.59,0,0,0,20,120.89,60.44,0,151.11,40.3,835.99,1178.81,Paid
397,34,Male,31,District of Columbia,Regular,10/29/2023,10/30/2023,11/3/2023,Ironing,3,1.84,Mixed,Express,13210.92,11/3/2023,13210.92,Cash,2906.4,528.44,0,0,0,20,792.66,396.33,0,990.82,264.22,5898.87,7312.05,Paid
398,4,Male,26,Washington,Regular,8/29/2024,8/30/2024,9/3/2024,Dry Cleaning,3,1.59,Mixed,Customer Pickup,9803.46,9/3/2024,9803.46,Online Payment,2156.76,392.14,0,0,588.21,20,0,294.1,0,735.26,196.07,4382.54,5420.92,Paid
399,18,Female,61,Massachusetts,Regular,12/16/2024,12/17/2024,12/21/2024,Dry Cleaning,10,10.27,Heavy,Customer Pickup,4558.49,12/17/2024,4558.49,Cash,1185.21,273.51,0,0,273.51,20,0,136.75,0,341.89,91.17,2322.04,2236.45,Paid
400,79,Female,50,Vermont,Regular,2/26/2024,2/27/2024,3/2/2024,Dry Cleaning,7,1.86,Light,Customer Pickup,1256.16,3/2/2024,1256.16,Cash,226.11,50.25,0,0,75.37,20,0,37.68,0,94.21,25.12,528.74,727.42,Paid
401,37,Male,29,Georgia,Student,4/12/2021,4/13/2021,4/17/2021,Laundry,15,8.61,Mixed,Customer Pickup,4110.31,4/13/2021,4110.31,Cash,904.27,205.52,164.41,205.52,0,35,0,123.31,0,308.27,82.21,2028.51,2081.8,Paid
402,51,Female,39,California,Corporate,5/26/2024,5/27/2024,5/31/2024,Ironing,11,5.51,Mixed,Home Delivery,5642.39,5/31/2024,5642.39,Cash,1241.33,282.12,0,0,0,35,225.7,169.27,0,423.18,112.85,2489.45,3152.94,Paid
403,44,Male,37,New York,Student,8/15/2025,8/16/2025,8/20/2025,Laundry,13,3.98,Light,Customer Pickup,10101.14,8/20/2025,10101.14,Online Payment,1818.21,404.05,404.05,505.06,0,35,0,303.03,0,757.59,202.02,4429.01,5672.13,Paid
404,65,Male,44,Michigan,Regular,12/21/2021,12/22/2021,12/26/2021,Laundry,14,4.61,Light,Customer Pickup,6323.41,12/26/2021,6323.41,Online Payment,1138.21,252.94,252.94,316.17,0,35,0,189.7,0,474.26,126.47,2785.69,3537.72,Paid
405,94,Male,32,Iowa,Regular,6/26/2021,6/27/2021,7/1/2021,Stain Removal,25,13.49,Mixed,Customer Pickup,5563.02,6/27/2021,5563.02,Cash,1223.86,333.78,166.89,111.26,222.52,50,0,166.89,0,417.23,111.26,2803.69,2759.33,Paid
406,74,Male,22,Georgia,Regular,8/13/2024,8/14/2024,8/18/2024,Laundry,2,0.69,Light,Home Delivery,7284.36,8/14/2024,7284.36,Cash,1311.18,291.37,291.37,364.22,0,20,291.37,218.53,0,546.33,145.69,3480.06,3804.3,Paid
407,86,Female,53,District of Columbia,Student,5/30/2022,5/31/2022,6/4/2022,Ironing,23,7.95,Light,Customer Pickup,6454.29,6/4/2022,6454.29,Online Payment,1161.77,322.71,0,0,0,50,0,193.63,322.71,484.07,129.09,2018.56,4435.73,Paid
408,7,Female,64,New Mexico,Regular,10/11/2022,10/12/2022,10/16/2022,Laundry,19,6.52,Light,Customer Pickup,3818.92,10/11/2022,3818.92,Online Payment,687.41,190.95,152.76,190.95,0,35,0,114.57,0,286.42,76.38,1734.44,2084.48,Paid
409,77,Male,29,District of Columbia,Corporate,4/26/2022,4/27/2022,5/1/2022,Laundry,28,17.27,Mixed,Customer Pickup,8929.53,5/1/2022,8929.53,Cash,1964.5,535.77,357.18,446.48,0,50,0,267.89,0,669.71,178.59,4470.12,4459.41,Paid
410,63,Female,55,Maryland,Student,9/14/2022,9/15/2022,9/19/2022,Laundry,15,7.73,Mixed,Customer Pickup,10776.53,9/19/2022,10776.53,Credit Card,2370.84,538.83,431.06,538.83,0,35,0,323.3,0,808.24,215.53,5261.63,5514.9,Paid
411,86,Female,53,District of Columbia,Student,9/6/2023,9/7/2023,9/11/2023,Ironing,6,3.16,Mixed,Home Delivery,10744.64,9/11/2023,10744.64,Online Payment,2363.82,429.79,0,0,0,20,429.79,322.34,537.23,805.85,214.89,4049.25,6695.39,Paid
412,39,Female,64,Kentucky,Regular,4/8/2025,4/9/2025,4/13/2025,Ironing,21,6.48,Light,Customer Pickup,5126.16,4/13/2025,5126.16,Online Payment,922.71,256.31,0,0,0,50,0,153.78,0,384.46,102.52,1869.78,3256.38,Paid
413,35,Female,64,Utah,Student,5/27/2024,5/28/2024,6/1/2024,Laundry,23,12.86,Mixed,Customer Pickup,3258.8,5/28/2024,3258.8,Cash,716.94,195.53,130.35,162.94,0,50,0,97.76,0,244.41,65.18,1663.11,1595.69,Paid
414,58,Female,52,Ohio,Student,11/28/2023,11/29/2023,12/3/2023,Ironing,18,9.57,Mixed,Customer Pickup,2277.63,12/3/2023,2277.63,Credit Card,501.08,113.88,0,0,0,35,0,68.33,0,170.82,45.55,934.66,1342.97,Paid
415,87,Male,34,Ohio,Regular,11/11/2025,11/12/2025,11/16/2025,Ironing,18,6.07,Light,Customer Pickup,13946.49,11/11/2025,13946.49,Online Payment,2510.37,697.32,0,0,0,35,0,418.39,697.32,1045.99,278.93,4288.68,9657.81,Paid
416,59,Male,34,New York,Student,7/1/2021,7/2/2021,7/6/2021,Mending,4,2.43,Mixed,Home Delivery,7880.63,7/1/2021,7880.63,Online Payment,1733.74,315.23,0,0,0,20,315.23,236.42,0,591.05,157.61,3369.28,4511.35,Paid
417,33,Female,44,Virginia,Regular,12/5/2023,12/6/2023,12/10/2023,Ironing,17,8.52,Mixed,Home Delivery,11686.75,12/10/2023,11686.75,Cash,2571.09,584.34,0,0,0,35,467.47,350.6,0,876.51,233.74,5118.75,6568,Paid
418,89,Female,35,Texas,Student,3/28/2024,3/29/2024,4/2/2024,Laundry,27,17.01,Mixed,Home Delivery,2455.08,3/28/2024,2455.08,Online Payment,540.12,147.3,98.2,122.75,0,50,98.2,73.65,0,184.13,49.1,1363.45,1091.63,Paid
419,46,Male,31,Texas,Regular,5/7/2025,5/8/2025,5/12/2025,Laundry,23,6.47,Light,Customer Pickup,960.59,5/12/2025,960.59,Cash,172.91,48.03,38.42,48.03,0,50,0,28.82,0,72.04,19.21,477.46,483.13,Paid
420,62,Male,32,North Carolina,Student,6/1/2021,6/2/2021,6/6/2021,Dry Cleaning,23,14.83,Mixed,Customer Pickup,12666.3,6/2/2021,12666.3,Cash,2786.59,759.98,0,0,759.98,50,0,379.99,0,949.97,253.33,5939.84,6726.46,Paid
421,72,Female,58,New Mexico,Student,12/11/2022,12/12/2022,12/16/2022,Laundry,19,12.01,Mixed,Home Delivery,10243.45,12/16/2022,10243.45,Cash,2253.56,614.61,409.74,512.17,0,35,409.74,307.3,0,768.26,204.87,5515.25,4728.2,Paid
422,73,Female,60,Ohio,Regular,9/14/2025,9/15/2025,9/19/2025,Stain Removal,15,8.66,Mixed,Customer Pickup,11460.26,9/19/2025,11460.26,Online Payment,2521.26,573.01,343.81,229.21,458.41,35,0,343.81,0,859.52,229.21,5593.24,5867.02,Paid
423,49,Male,29,Alabama,Regular,1/17/2021,1/18/2021,1/22/2021,Dry Cleaning,29,31.34,Heavy,Customer Pickup,5022.47,1/17/2021,5022.47,Online Payment,1305.84,301.35,0,0,301.35,50,0,150.67,0,376.69,100.45,2586.35,2436.12,Paid
424,24,Female,47,District of Columbia,Regular,12/10/2021,12/11/2021,12/15/2021,Laundry,18,9.35,Mixed,Home Delivery,8485.97,12/15/2021,8485.97,Cash,1866.91,424.3,339.44,424.3,0,35,339.44,254.58,0,636.45,169.72,4490.14,3995.83,Paid
425,72,Female,58,New Mexico,Student,11/28/2025,11/29/2025,12/3/2025,Laundry,6,3.76,Mixed,Customer Pickup,14818.5,12/3/2025,14818.5,Cash,3260.07,592.74,592.74,740.93,0,20,0,444.56,0,1111.39,296.37,7058.8,7759.7,Paid
426,90,Male,42,North Carolina,Corporate,4/8/2023,4/9/2023,4/13/2023,Ironing,2,2.11,Heavy,Customer Pickup,8829.4,4/13/2023,8829.4,Cash,2295.64,353.18,0,0,0,20,0,264.88,0,662.21,176.59,3772.5,5056.9,Paid
427,32,Female,36,New Mexico,Student,8/3/2021,8/4/2021,8/8/2021,Laundry,11,6.61,Mixed,Customer Pickup,11807.55,8/8/2021,11807.55,Credit Card,2597.66,590.38,472.3,590.38,0,35,0,354.23,0,885.57,236.15,5761.67,6045.88,Paid
428,90,Male,42,North Carolina,Corporate,4/4/2025,4/5/2025,4/9/2025,Laundry,28,17.46,Mixed,Customer Pickup,8869.87,4/4/2025,8869.87,Online Payment,1951.37,532.19,354.79,443.49,0,50,0,266.1,0,665.24,177.4,4440.58,4429.29,Paid
429,54,Male,32,Pennsylvania,Regular,12/12/2021,12/13/2021,12/17/2021,Stain Removal,6,3.1,Mixed,Customer Pickup,13900,12/12/2021,13900,Online Payment,3058,556,417,278,556,20,0,417,0,1042.5,278,6622.5,7277.5,Paid
430,97,Male,29,Alabama,Corporate,6/29/2023,6/30/2023,7/4/2023,Ironing,26,6.74,Light,Customer Pickup,11517.46,7/4/2023,11517.46,Cash,2073.14,575.87,0,0,0,50,0,345.52,0,863.81,230.35,4138.69,7378.77,Paid
431,25,Male,44,Tennessee,Student,10/23/2022,10/24/2022,10/28/2022,Ironing,25,6.56,Light,Customer Pickup,11404.79,10/23/2022,11404.79,Online Payment,2052.86,570.24,0,0,0,50,0,342.14,0,855.36,228.1,4098.7,7306.09,Paid
432,33,Female,44,Virginia,Regular,1/11/2021,1/12/2021,1/16/2021,Laundry,24,6.81,Light,Customer Pickup,3649.36,1/16/2021,3649.36,Cash,656.88,182.47,145.97,182.47,0,50,0,109.48,182.47,273.7,72.99,1491.49,2157.87,Paid
433,89,Female,35,Texas,Student,11/18/2025,11/19/2025,11/23/2025,Laundry,14,3.94,Light,Home Delivery,7806.97,11/23/2025,7806.97,Cash,1405.25,312.28,312.28,390.35,0,35,312.28,234.21,0,585.52,156.14,3743.31,4063.66,Paid
434,46,Male,31,Texas,Regular,1/23/2024,1/24/2024,1/28/2024,Laundry,15,8.75,Mixed,Home Delivery,6893.19,1/28/2024,6893.19,Online Payment,1516.5,344.66,275.73,344.66,0,35,275.73,206.8,0,516.99,137.86,3653.93,3239.26,Paid
435,62,Male,32,North Carolina,Student,9/8/2024,9/9/2024,9/13/2024,Laundry,11,6.89,Mixed,Home Delivery,4725.55,9/13/2024,4725.55,Online Payment,1039.62,236.28,189.02,236.28,0,35,189.02,141.77,0,354.42,94.51,2515.92,2209.63,Paid
436,71,Male,39,Iowa,Regular,3/27/2025,3/28/2025,4/1/2025,Laundry,24,7.33,Light,Customer Pickup,11948.65,3/28/2025,11948.65,Cash,2150.76,597.43,477.95,597.43,0,50,0,358.46,0,896.15,238.97,5367.15,6581.5,Paid
437,71,Male,39,Iowa,Regular,11/4/2022,11/5/2022,11/9/2022,Laundry,17,4.66,Light,Customer Pickup,752.14,11/9/2022,752.14,Credit Card,135.39,30.09,30.09,37.61,0,35,0,22.56,37.61,56.41,15.04,324.58,427.56,Paid
438,39,Female,64,Kentucky,Regular,10/15/2021,10/16/2021,10/20/2021,Stain Removal,11,6.37,Mixed,Customer Pickup,11010.43,10/15/2021,11010.43,Online Payment,2422.29,550.52,330.31,220.21,440.42,35,0,330.31,0,825.78,220.21,5375.05,5635.38,Paid
439,84,Female,58,Colorado,Walk-in,7/1/2021,7/2/2021,7/6/2021,Dry Cleaning,24,8.21,Light,Home Delivery,8764.33,7/1/2021,8764.33,Online Payment,1577.58,438.22,0,0,525.86,50,350.57,262.93,0,657.32,175.29,4037.77,4726.56,Paid
440,2,Male,41,Utah,Regular,12/31/2023,1/1/2024,1/5/2024,Laundry,20,16.19,Heavy,Express,10799.17,1/5/2024,10799.17,Cash,2807.78,647.95,431.97,539.96,0,35,647.95,323.98,0,809.94,215.98,6460.51,4338.66,Paid
441,58,Female,52,Ohio,Student,6/2/2025,6/3/2025,6/7/2025,Laundry,22,6.36,Light,Customer Pickup,4919.27,6/7/2025,4919.27,Cash,885.47,245.96,196.77,245.96,0,50,0,147.58,0,368.95,98.39,2239.08,2680.19,Paid
442,81,Male,35,Florida,Regular,5/2/2021,5/3/2021,5/7/2021,Laundry,22,7.38,Light,Express,14580.7,5/7/2021,14580.7,Online Payment,2624.53,729.04,583.23,729.04,0,50,874.84,437.42,0,1093.55,291.61,7413.26,7167.44,Paid
443,34,Male,31,District of Columbia,Regular,6/14/2023,6/15/2023,6/19/2023,Dry Cleaning,3,0.78,Light,Home Delivery,7165.11,6/15/2023,7165.11,Cash,1289.72,286.6,0,0,429.91,20,286.6,214.95,0,537.38,143.3,3208.46,3956.65,Paid
444,24,Female,47,District of Columbia,Regular,10/15/2025,10/16/2025,10/20/2025,Stain Removal,30,10.25,Light,Customer Pickup,11070.82,10/16/2025,11070.82,Cash,1992.75,664.25,332.12,221.42,442.83,50,0,332.12,0,830.31,221.42,5087.22,5983.6,Paid
445,20,Female,46,New York,Student,9/22/2024,9/23/2024,9/27/2024,Laundry,23,12.55,Mixed,Express,4572.24,9/22/2024,4572.24,Online Payment,1005.89,274.33,182.89,228.61,0,50,274.33,137.17,0,342.92,91.44,2587.58,1984.66,Paid
446,27,Male,34,Kansas,Regular,7/24/2022,7/25/2022,7/29/2022,Dry Cleaning,24,14.77,Mixed,Customer Pickup,5574.88,7/29/2022,5574.88,Cash,1226.47,334.49,0,0,334.49,50,0,167.25,0,418.12,111.5,2642.32,2932.56,Paid
447,73,Female,60,Ohio,Regular,10/3/2021,10/4/2021,10/8/2021,Laundry,20,12.81,Mixed,Home Delivery,3880.43,10/3/2021,3880.43,Online Payment,853.69,232.83,155.22,194.02,0,35,155.22,116.41,0,291.03,77.61,2111.03,1769.4,Paid
448,83,Female,50,Alabama,Regular,1/16/2023,1/17/2023,1/21/2023,Stain Removal,21,11.66,Mixed,Home Delivery,12155.59,1/17/2023,12155.59,Cash,2674.23,729.34,364.67,243.11,486.22,50,486.22,364.67,0,911.67,243.11,6553.24,5602.35,Paid
449,95,Male,34,Nevada,Regular,10/6/2022,10/7/2022,10/11/2022,Ironing,7,3.53,Mixed,Home Delivery,6215.7,10/7/2022,6215.7,Cash,1367.45,248.63,0,0,0,20,248.63,186.47,0,466.18,124.31,2661.67,3554.03,Paid
450,28,Male,36,Oregon,Regular,5/2/2024,5/3/2024,5/7/2024,Ironing,11,5.56,Mixed,Customer Pickup,4073.69,5/7/2024,4073.69,Credit Card,896.21,203.68,0,0,0,35,0,122.21,0,305.53,81.47,1644.1,2429.59,Paid
451,52,Female,47,Indiana,Regular,5/23/2024,5/24/2024,5/28/2024,Laundry,16,4.17,Light,Home Delivery,6253.88,5/23/2024,6253.88,Credit Card,1125.7,250.16,250.16,312.69,0,35,250.16,187.62,0,469.04,125.08,3005.61,3248.27,Paid
452,77,Male,29,District of Columbia,Corporate,8/29/2024,8/30/2024,9/3/2024,Dry Cleaning,28,15.77,Mixed,Customer Pickup,13164.26,8/30/2024,13164.26,Cash,2896.14,789.86,0,0,789.86,50,0,394.93,0,987.32,263.29,6171.4,6992.86,Paid
453,27,Male,34,Kansas,Regular,11/8/2024,11/9/2024,11/13/2024,Laundry,5,1.64,Light,Home Delivery,2377.6,11/13/2024,2377.6,Cash,427.97,95.1,95.1,118.88,0,20,95.1,71.33,0,178.32,47.55,1149.35,1228.25,Paid
454,4,Male,26,Washington,Regular,4/20/2024,4/21/2024,4/25/2024,Dry Cleaning,22,6.95,Light,Home Delivery,13472.08,4/25/2024,13472.08,Cash,2424.97,673.6,0,0,808.32,50,538.88,404.16,0,1010.41,269.44,6179.78,7292.3,Paid
455,40,Male,37,Minnesota,Regular,3/10/2021,3/11/2021,3/15/2021,Laundry,8,2.75,Light,Customer Pickup,5525.93,3/10/2021,5525.93,Online Payment,994.67,221.04,221.04,276.3,0,20,0,165.78,0,414.44,110.52,2423.79,3102.14,Paid
456,88,Female,48,District of Columbia,Student,6/28/2022,6/29/2022,7/3/2022,Laundry,25,15.22,Mixed,Express,3666.64,7/3/2022,3666.64,Cash,806.66,220,146.67,183.33,0,50,220,110,0,275,73.33,2084.99,1581.65,Paid
457,17,Male,44,Illinois,Student,3/7/2025,3/8/2025,3/12/2025,Laundry,6,3.73,Mixed,Home Delivery,1145.4,3/12/2025,1145.4,Cash,251.99,45.82,45.82,57.27,0,20,45.82,34.36,0,85.91,22.91,609.9,535.5,Paid
458,23,Male,34,California,Student,6/14/2021,6/15/2021,6/19/2021,Laundry,7,2.36,Light,Customer Pickup,14567.32,6/15/2021,14567.32,Cash,2622.12,582.69,582.69,728.37,0,20,0,437.02,0,1092.55,291.35,6356.79,8210.53,Paid
459,64,Male,27,Florida,Regular,10/6/2022,10/7/2022,10/11/2022,Stain Removal,25,8.49,Light,Customer Pickup,6219.62,10/11/2022,6219.62,Cash,1119.53,310.98,186.59,124.39,248.78,50,0,186.59,0,466.47,124.39,2817.72,3401.9,Paid
460,49,Male,29,Alabama,Regular,5/22/2021,5/23/2021,5/27/2021,Stain Removal,27,17.1,Mixed,Customer Pickup,13809.18,5/27/2021,13809.18,Online Payment,3038.02,828.55,414.28,276.18,552.37,50,0,414.28,0,1035.69,276.18,6885.55,6923.63,Paid
461,54,Male,32,Pennsylvania,Regular,4/14/2023,4/15/2023,4/19/2023,Laundry,21,12.89,Mixed,Customer Pickup,9991.79,4/19/2023,9991.79,Credit Card,2198.19,599.51,399.67,499.59,0,50,0,299.75,0,749.38,199.84,4995.93,4995.86,Paid
462,20,Female,46,New York,Student,4/8/2021,4/9/2021,4/13/2021,Stain Removal,18,4.73,Light,Customer Pickup,7715.62,4/8/2021,7715.62,Online Payment,1388.81,308.62,231.47,154.31,308.62,35,0,231.47,0,578.67,154.31,3391.28,4324.34,Paid
463,40,Male,37,Minnesota,Regular,4/11/2022,4/12/2022,4/16/2022,Laundry,14,12.75,Heavy,Home Delivery,4106.33,4/11/2022,4106.33,Online Payment,1067.65,246.38,164.25,205.32,0,35,164.25,123.19,205.32,307.97,82.13,2190.82,1915.51,Paid
464,39,Female,64,Kentucky,Regular,11/3/2023,11/4/2023,11/8/2023,Stain Removal,4,2.27,Mixed,Customer Pickup,4874.73,11/4/2023,4874.73,Cash,1072.44,194.99,146.24,97.49,194.99,20,0,146.24,0,365.6,97.49,2335.48,2539.25,Paid
465,74,Male,22,Georgia,Regular,11/8/2024,11/9/2024,11/13/2024,Laundry,17,4.51,Light,Customer Pickup,7625.46,11/9/2024,7625.46,Cash,1372.58,305.02,305.02,381.27,0,35,0,228.76,0,571.91,152.51,3352.07,4273.39,Paid
466,51,Female,39,California,Corporate,10/7/2023,10/8/2023,10/12/2023,Laundry,27,7.87,Light,Home Delivery,4557.67,10/7/2023,4557.67,Online Payment,820.38,227.88,182.31,227.88,0,50,182.31,136.73,0,341.83,91.15,2260.47,2297.2,Paid
467,33,Female,44,Virginia,Regular,12/28/2025,12/29/2025,1/2/2026,Dry Cleaning,3,2.95,Heavy,Home Delivery,9929.44,1/2/2026,9929.44,Online Payment,2581.65,397.18,0,0,595.77,20,397.18,297.88,496.47,744.71,198.59,4736.49,5192.95,Paid
468,11,Female,49,Kentucky,Regular,8/8/2024,8/9/2024,8/13/2024,Laundry,5,1.66,Light,Customer Pickup,7153.49,8/13/2024,7153.49,Cash,1287.63,286.14,286.14,357.67,0,20,0,214.6,0,536.51,143.07,3131.76,4021.73,Paid
469,57,Female,45,California,Regular,10/21/2021,10/22/2021,10/26/2021,Laundry,10,8.72,Heavy,Customer Pickup,13969.59,10/26/2021,13969.59,Cash,3632.09,698.48,558.78,698.48,0,20,0,419.09,0,1047.72,279.39,7354.03,6615.56,Paid
470,51,Female,39,California,Corporate,7/27/2023,7/28/2023,8/1/2023,Stain Removal,13,7.96,Mixed,Home Delivery,4228.75,8/1/2023,4228.75,Online Payment,930.33,211.44,126.86,84.58,169.15,35,169.15,126.86,0,317.16,84.58,2255.11,1973.64,Paid
471,85,Male,24,Massachusetts,Student,2/1/2021,2/2/2021,2/6/2021,Laundry,3,0.76,Light,Home Delivery,8134.5,2/6/2021,8134.5,Cash,1464.21,325.38,325.38,406.73,0,20,325.38,244.04,0,610.09,162.69,3883.9,4250.6,Paid
472,71,Male,39,Iowa,Regular,9/11/2023,9/12/2023,9/16/2023,Laundry,16,5.39,Light,Home Delivery,8743.11,9/16/2023,8743.11,Cash,1573.76,437.16,349.72,437.16,0,35,349.72,262.29,0,655.73,174.86,4275.4,4467.71,Paid
473,98,Male,42,District of Columbia,Regular,2/15/2021,2/16/2021,2/20/2021,Laundry,4,1.11,Light,Customer Pickup,8504.81,2/20/2021,8504.81,Cash,1530.87,340.19,340.19,425.24,0,20,0,255.14,425.24,637.86,170.1,3294.35,5210.46,Paid
474,76,Male,37,Iowa,Student,9/27/2021,9/28/2021,10/2/2021,Laundry,7,2.32,Light,Customer Pickup,10868.32,10/2/2021,10868.32,Cash,1956.3,434.73,434.73,543.42,0,20,0,326.05,0,815.12,217.37,4747.72,6120.6,Paid
475,87,Male,34,Ohio,Regular,5/13/2021,5/14/2021,5/18/2021,Dry Cleaning,8,4.3,Mixed,Customer Pickup,2375.12,5/18/2021,2375.12,Cash,522.53,95,0,0,142.51,20,0,71.25,0,178.13,47.5,1076.92,1298.2,Paid
476,4,Male,26,Washington,Regular,6/25/2021,6/26/2021,6/30/2021,Laundry,10,3.27,Light,Home Delivery,14079.12,6/30/2021,14079.12,Online Payment,2534.24,563.16,563.16,703.96,0,20,563.16,422.37,0,1055.93,281.58,6707.56,7371.56,Paid
477,61,Female,44,Florida,Corporate,3/20/2023,3/21/2023,3/25/2023,Laundry,30,15.43,Mixed,Home Delivery,10081.07,3/21/2023,10081.07,Cash,2217.84,604.86,403.24,504.05,0,50,403.24,302.43,0,756.08,201.62,5443.36,4637.71,Paid
478,90,Male,42,North Carolina,Corporate,11/27/2025,11/28/2025,12/2/2025,Ironing,3,2.56,Heavy,Customer Pickup,7323.89,12/2/2025,7323.89,Online Payment,1904.21,292.96,0,0,0,20,0,219.72,0,549.29,146.48,3132.66,4191.23,Paid
479,67,Male,39,Illinois,Corporate,9/2/2021,9/3/2021,9/7/2021,Laundry,17,5.25,Light,Home Delivery,10312.7,9/7/2021,10312.7,Cash,1856.29,515.64,412.51,515.64,0,35,412.51,309.38,0,773.45,206.25,5036.67,5276.03,Paid
480,67,Male,39,Illinois,Corporate,7/31/2022,8/1/2022,8/5/2022,Mending,6,1.75,Light,Customer Pickup,1301.98,8/1/2022,1301.98,Cash,234.36,52.08,0,0,0,20,0,39.06,0,97.65,26.04,469.19,832.79,Paid
481,30,Male,31,Texas,Student,10/2/2022,10/3/2022,10/7/2022,Laundry,14,7.6,Mixed,Express,11167.82,10/7/2022,11167.82,Online Payment,2456.92,558.39,446.71,558.39,0,35,670.07,335.03,0,837.59,223.36,6121.46,5046.36,Paid
482,50,Male,42,Maryland,Regular,4/25/2022,4/26/2022,4/30/2022,Laundry,29,15.35,Mixed,Customer Pickup,10167.46,4/26/2022,10167.46,Cash,2236.84,610.05,406.7,508.37,0,50,0,305.02,0,762.56,203.35,5082.89,5084.57,Paid
483,61,Female,44,Florida,Corporate,10/21/2024,10/22/2024,10/26/2024,Laundry,28,14.52,Mixed,Home Delivery,6253.52,10/26/2024,6253.52,Cash,1375.77,375.21,250.14,312.68,0,50,250.14,187.61,0,469.01,125.07,3395.63,2857.89,Paid
484,54,Male,32,Pennsylvania,Regular,2/17/2023,2/18/2023,2/22/2023,Ironing,21,10.62,Mixed,Customer Pickup,4035.01,2/22/2023,4035.01,Online Payment,887.7,242.1,0,0,0,50,0,121.05,0,302.63,80.7,1684.18,2350.83,Paid
485,87,Male,34,Ohio,Regular,10/23/2022,10/24/2022,10/28/2022,Ironing,22,13.69,Mixed,Customer Pickup,6267.85,10/28/2022,6267.85,Cash,1378.93,376.07,0,0,0,50,0,188.04,0,470.09,125.36,2588.49,3679.36,Paid
486,70,Female,42,Georgia,Corporate,6/28/2021,6/29/2021,7/3/2021,Laundry,17,10.95,Mixed,Customer Pickup,10190.97,6/29/2021,10190.97,Online Payment,2242.01,611.46,407.64,509.55,0,35,0,305.73,0,764.32,203.82,5079.53,5111.44,Paid
487,92,Female,37,New York,Regular,6/16/2025,6/17/2025,6/21/2025,Ironing,10,2.85,Light,Customer Pickup,6781.97,6/16/2025,6781.97,Online Payment,1220.75,271.28,0,0,0,20,0,203.46,0,508.65,135.64,2359.78,4422.19,Paid
488,46,Male,31,Texas,Regular,8/24/2024,8/25/2024,8/29/2024,Stain Removal,25,8.48,Light,Customer Pickup,13499.38,8/29/2024,13499.38,Cash,2429.89,674.97,404.98,269.99,539.98,50,0,404.98,0,1012.45,269.99,6057.23,7442.15,Paid
489,56,Female,57,Georgia,Regular,8/20/2022,8/21/2022,8/25/2022,Ironing,12,6.73,Mixed,Customer Pickup,5804.86,8/25/2022,5804.86,Credit Card,1277.07,290.24,0,0,0,35,0,174.15,290.24,435.36,116.1,2037.68,3767.18,Paid
490,41,Female,54,California,Corporate,6/5/2022,6/6/2022,6/10/2022,Ironing,29,16,Mixed,Home Delivery,5630.34,6/10/2022,5630.34,Cash,1238.67,337.82,0,0,0,50,225.21,168.91,0,422.28,112.61,2555.5,3074.84,Paid
491,35,Female,64,Utah,Student,10/26/2023,10/27/2023,10/31/2023,Laundry,17,16.17,Heavy,Customer Pickup,10140.56,10/27/2023,10140.56,Online Payment,2636.55,608.43,405.62,507.03,0,35,0,304.22,0,760.54,202.81,5460.2,4680.36,Paid
492,54,Male,32,Pennsylvania,Regular,7/26/2021,7/27/2021,7/31/2021,Ironing,23,13.19,Mixed,Home Delivery,11233.96,7/27/2021,11233.96,Cash,2471.47,674.04,0,0,0,50,449.36,337.02,0,842.55,224.68,5049.12,6184.84,Paid
493,64,Male,27,Florida,Regular,3/12/2024,3/13/2024,3/17/2024,Dry Cleaning,17,10.9,Mixed,Home Delivery,805.45,3/13/2024,805.45,Cash,177.2,48.33,0,0,48.33,35,32.22,24.16,0,60.41,16.11,441.76,363.69,Paid
494,55,Male,21,New York,Student,11/15/2022,11/16/2022,11/20/2022,Laundry,13,11.29,Heavy,Customer Pickup,8290.9,11/20/2022,8290.9,Credit Card,2155.63,497.45,331.64,414.55,0,35,0,248.73,0,621.82,165.82,4470.64,3820.26,Paid
495,85,Male,24,Massachusetts,Student,10/22/2021,10/23/2021,10/27/2021,Laundry,11,3.11,Light,Home Delivery,12133.78,10/23/2021,12133.78,Online Payment,2184.08,485.35,485.35,606.69,0,35,485.35,364.01,0,910.03,242.68,5798.54,6335.24,Paid
496,57,Female,45,California,Regular,2/20/2021,2/21/2021,2/25/2021,Laundry,10,6.41,Mixed,Customer Pickup,10485.97,2/20/2021,10485.97,Online Payment,2306.91,524.3,419.44,524.3,0,20,0,314.58,0,786.45,209.72,5105.7,5380.27,Paid
497,30,Male,31,Texas,Student,9/30/2023,10/1/2023,10/5/2023,Dry Cleaning,28,17.04,Mixed,Home Delivery,8101.59,9/30/2023,8101.59,Online Payment,1782.35,486.1,0,0,486.1,50,324.06,243.05,0,607.62,162.03,4141.31,3960.28,Paid
498,78,Male,22,Florida,Regular,3/13/2025,3/14/2025,3/18/2025,Ironing,9,9.34,Heavy,Customer Pickup,3753.91,3/14/2025,3753.91,Online Payment,976.02,187.7,0,0,0,20,0,112.62,0,281.54,75.08,1652.96,2100.95,Paid
499,99,Female,51,Indiana,Student,11/8/2021,11/9/2021,11/13/2021,Mending,19,11.79,Mixed,Customer Pickup,2502.08,11/13/2021,2502.08,Online Payment,550.46,150.12,0,0,0,35,0,75.06,0,187.66,50.04,1048.34,1453.74,Paid
500,61,Female,44,Florida,Corporate,12/8/2022,12/9/2022,12/13/2022,Laundry,29,17.23,Mixed,Home Delivery,3749,12/13/2022,3749,Cash,824.78,224.94,149.96,187.45,0,50,149.96,112.47,0,281.18,74.98,2055.72,1693.28,Paid
501,7,Female,64,New Mexico,Regular,1/5/2023,1/6/2023,1/10/2023,Mending,9,2.91,Light,Customer Pickup,11012.03,1/10/2023,11012.03,Cash,1982.17,440.48,0,0,0,20,0,330.36,0,825.9,220.24,3819.15,7192.88,Paid
502,54,Male,32,Pennsylvania,Regular,4/22/2023,4/23/2023,4/27/2023,Stain Removal,17,17.57,Heavy,Home Delivery,11966.99,4/27/2023,11966.99,Cash,3111.42,718.02,359.01,239.34,478.68,35,478.68,359.01,0,897.52,239.34,6916.02,5050.97,Paid
503,47,Male,34,Illinois,Student,4/19/2022,4/20/2022,4/24/2022,Dry Cleaning,25,7.98,Light,Home Delivery,8199.14,4/24/2022,8199.14,Cash,1475.85,409.96,0,0,491.95,50,327.97,245.97,0,614.94,163.98,3780.62,4418.52,Paid
504,73,Female,60,Ohio,Regular,9/16/2022,9/17/2022,9/21/2022,Ironing,27,7.1,Light,Home Delivery,13929.85,9/17/2022,13929.85,Cash,2507.37,696.49,0,0,0,50,557.19,417.9,0,1044.74,278.6,5552.29,8377.56,Paid
505,24,Female,47,District of Columbia,Regular,3/6/2024,3/7/2024,3/11/2024,Dry Cleaning,5,2.93,Mixed,Customer Pickup,1437.99,3/6/2024,1437.99,Online Payment,316.36,57.52,0,0,86.28,20,0,43.14,0,107.85,28.76,659.91,778.08,Paid
506,100,Male,27,Colorado,Walk-in,3/18/2024,3/19/2024,3/23/2024,Laundry,6,3.41,Mixed,Customer Pickup,14682.94,3/18/2024,14682.94,Online Payment,3230.25,587.32,587.32,734.15,0,20,0,440.49,0,1101.22,293.66,6994.41,7688.53,Paid
507,27,Male,34,Kansas,Regular,11/3/2024,11/4/2024,11/8/2024,Stain Removal,20,11.68,Mixed,Home Delivery,10492.85,11/3/2024,10492.85,Online Payment,2308.43,629.57,314.79,209.86,419.71,35,419.71,314.79,524.64,786.96,209.86,5124.04,5368.81,Paid
508,34,Male,31,District of Columbia,Regular,5/24/2024,5/25/2024,5/29/2024,Ironing,8,4.52,Mixed,Home Delivery,9821.07,5/29/2024,9821.07,Cash,2160.64,392.84,0,0,0,20,392.84,294.63,0,736.58,196.42,4193.95,5627.12,Paid
509,90,Male,42,North Carolina,Corporate,12/24/2024,12/25/2024,12/29/2024,Stain Removal,17,5.1,Light,Express,1838.48,12/29/2024,1838.48,Cash,330.93,91.92,55.15,36.77,73.54,35,110.31,55.15,0,137.89,36.77,963.43,875.05,Paid
510,48,Female,47,Florida,Student,5/8/2025,5/9/2025,5/13/2025,Laundry,29,7.82,Light,Home Delivery,11446.83,5/13/2025,11446.83,Cash,2060.43,572.34,457.87,572.34,0,50,457.87,343.4,0,858.51,228.94,5601.7,5845.13,Paid
511,67,Male,39,Illinois,Corporate,9/19/2022,9/20/2022,9/24/2022,Stain Removal,28,16.02,Mixed,Home Delivery,14284.4,9/24/2022,14284.4,Online Payment,3142.57,857.06,428.53,285.69,571.38,50,571.38,428.53,0,1071.33,285.69,7692.16,6592.24,Paid
512,93,Female,35,North Carolina,Regular,7/26/2023,7/27/2023,7/31/2023,Laundry,6,3.73,Mixed,Customer Pickup,9515.13,7/31/2023,9515.13,Online Payment,2093.33,380.61,380.61,475.76,0,20,0,285.45,0,713.63,190.3,4539.69,4975.44,Paid
513,60,Male,19,Georgia,Corporate,11/9/2021,11/10/2021,11/14/2021,Dry Cleaning,24,7.48,Light,Customer Pickup,12703.88,11/9/2021,12703.88,Online Payment,2286.7,635.19,0,0,762.23,50,0,381.12,0,952.79,254.08,5322.11,7381.77,Paid
514,24,Female,47,District of Columbia,Regular,7/29/2024,7/30/2024,8/3/2024,Dry Cleaning,6,1.89,Light,Customer Pickup,14887.92,7/29/2024,14887.92,Online Payment,2679.83,595.52,0,0,893.28,20,0,446.64,0,1116.59,297.76,6049.62,8838.3,Paid
515,40,Male,37,Minnesota,Regular,11/20/2024,11/21/2024,11/25/2024,Laundry,10,2.87,Light,Customer Pickup,7687.48,11/25/2024,7687.48,Cash,1383.75,307.5,307.5,384.37,0,20,0,230.62,0,576.56,153.75,3364.05,4323.43,Paid
516,26,Male,31,Texas,Student,7/3/2021,7/4/2021,7/8/2021,Laundry,29,9.95,Light,Customer Pickup,2382.05,7/8/2021,2382.05,Cash,428.77,119.1,95.28,119.1,0,50,0,71.46,0,178.65,47.64,1110,1272.05,Paid
517,9,Female,54,New York,Regular,4/10/2024,4/11/2024,4/15/2024,Laundry,2,0.61,Light,Home Delivery,13821.26,4/15/2024,13821.26,Cash,2487.83,552.85,552.85,691.06,0,20,552.85,414.64,691.06,1036.59,276.43,5894.04,7927.22,Paid
518,69,Male,44,Illinois,Student,8/5/2024,8/6/2024,8/10/2024,Ironing,25,26.76,Heavy,Home Delivery,10017.09,8/10/2024,10017.09,Cash,2604.44,601.03,0,0,0,50,400.68,300.51,0,751.28,200.34,4908.28,5108.81,Paid
519,15,Male,20,Colorado,Student,1/7/2021,1/8/2021,1/12/2021,Ironing,28,9.48,Light,Customer Pickup,13486.23,1/12/2021,13486.23,Cash,2427.52,674.31,0,0,0,50,0,404.59,0,1011.47,269.72,4837.61,8648.62,Paid
520,67,Male,39,Illinois,Corporate,1/4/2024,1/5/2024,1/9/2024,Ironing,22,7.11,Light,Home Delivery,6808.42,1/4/2024,6808.42,Online Payment,1225.52,340.42,0,0,0,50,272.34,204.25,0,510.63,136.17,2739.33,4069.09,Paid
521,90,Male,42,North Carolina,Corporate,5/4/2023,5/5/2023,5/9/2023,Ironing,11,5.51,Mixed,Home Delivery,10689.68,5/9/2023,10689.68,Cash,2351.73,534.48,0,0,0,35,427.59,320.69,0,801.73,213.79,4685.01,6004.67,Paid
522,47,Male,34,Illinois,Student,6/9/2021,6/10/2021,6/14/2021,Ironing,13,8.14,Mixed,Customer Pickup,9186.44,6/10/2021,9186.44,Cash,2021.02,459.32,0,0,0,35,0,275.59,0,688.98,183.73,3663.64,5522.8,Paid
523,66,Male,42,New York,Student,10/1/2024,10/2/2024,10/6/2024,Stain Removal,20,10.52,Mixed,Customer Pickup,11710.89,10/6/2024,11710.89,Online Payment,2576.4,702.65,351.33,234.22,468.44,35,0,351.33,0,878.32,234.22,5831.91,5878.98,Paid
524,88,Female,48,District of Columbia,Student,2/21/2023,2/22/2023,2/26/2023,Laundry,9,8.15,Heavy,Home Delivery,8315.77,2/26/2023,8315.77,Cash,2162.1,415.79,332.63,415.79,0,20,332.63,249.47,0,623.68,166.32,4718.41,3597.36,Paid
525,43,Male,34,California,Regular,6/19/2022,6/20/2022,6/24/2022,Dry Cleaning,9,2.46,Light,Customer Pickup,8352.2,6/24/2022,8352.2,Cash,1503.4,334.09,0,0,501.13,20,0,250.57,0,626.42,167.04,3402.65,4949.55,Paid
526,50,Male,42,Maryland,Regular,3/8/2023,3/9/2023,3/13/2023,Laundry,21,10.9,Mixed,Home Delivery,9750.25,3/9/2023,9750.25,Cash,2145.06,585.02,390.01,487.51,0,50,390.01,292.51,0,731.27,195.01,5266.4,4483.85,Paid
527,22,Female,51,Pennsylvania,Regular,2/4/2023,2/5/2023,2/9/2023,Laundry,21,13.43,Mixed,Home Delivery,6053.58,2/5/2023,6053.58,Online Payment,1331.79,363.21,242.14,302.68,0,50,242.14,181.61,0,454.02,121.07,3288.66,2764.92,Paid
528,56,Female,57,Georgia,Regular,3/1/2024,3/2/2024,3/6/2024,Laundry,7,6.15,Heavy,Customer Pickup,11369.57,3/6/2024,11369.57,Credit Card,2956.09,568.48,454.78,568.48,0,20,0,341.09,0,852.72,227.39,5989.03,5380.54,Paid
529,17,Male,44,Illinois,Student,11/16/2021,11/17/2021,11/21/2021,Stain Removal,24,7.25,Light,Customer Pickup,2159.05,11/21/2021,2159.05,Credit Card,388.63,107.95,64.77,43.18,86.36,50,0,64.77,0,161.93,43.18,1010.77,1148.28,Paid
530,16,Male,36,California,Student,10/13/2022,10/14/2022,10/18/2022,Ironing,18,11.23,Mixed,Home Delivery,10005.37,10/18/2022,10005.37,Cash,2201.18,600.32,0,0,0,35,400.21,300.16,0,750.4,200.11,4487.38,5517.99,Paid
531,27,Male,34,Kansas,Regular,3/19/2024,3/20/2024,3/24/2024,Ironing,29,8.88,Light,Customer Pickup,8933.91,3/19/2024,8933.91,Online Payment,1608.1,446.7,0,0,0,50,0,268.02,0,670.04,178.68,3221.54,5712.37,Paid
532,87,Male,34,Ohio,Regular,3/28/2022,3/29/2022,4/2/2022,Laundry,29,15.98,Mixed,Customer Pickup,10196.78,4/2/2022,10196.78,Cash,2243.29,611.81,407.87,509.84,0,50,0,305.9,0,764.76,203.94,5097.41,5099.37,Paid
533,52,Female,47,Indiana,Regular,10/10/2021,10/11/2021,10/15/2021,Stain Removal,11,5.51,Mixed,Customer Pickup,9127.55,10/11/2021,9127.55,Online Payment,2008.06,456.38,273.83,182.55,365.1,35,0,273.83,0,684.57,182.55,4461.87,4665.68,Paid
534,1,Female,59,North Carolina,Regular,10/9/2025,10/10/2025,10/14/2025,Stain Removal,2,0.5,Light,Customer Pickup,5685,10/9/2025,5685,Credit Card,1023.3,227.4,170.55,113.7,227.4,20,0,170.55,0,426.38,113.7,2492.98,3192.02,Paid
535,46,Male,31,Texas,Regular,6/7/2021,6/8/2021,6/12/2021,Laundry,10,5.07,Mixed,Customer Pickup,11010.05,6/7/2021,11010.05,Online Payment,2422.21,550.5,440.4,550.5,0,20,0,330.3,0,825.75,220.2,5359.86,5650.19,Paid
536,27,Male,34,Kansas,Regular,12/29/2021,12/30/2021,1/3/2022,Laundry,27,14.3,Mixed,Customer Pickup,7594.83,1/3/2022,7594.83,Credit Card,1670.86,455.69,303.79,379.74,0,50,0,227.84,0,569.61,151.9,3809.43,3785.4,Paid
537,96,Male,27,Florida,Corporate,6/10/2021,6/11/2021,6/15/2021,Dry Cleaning,20,6.7,Light,Customer Pickup,5993.85,6/11/2021,5993.85,Online Payment,1078.89,299.69,0,0,359.63,35,0,179.82,0,449.54,119.88,2522.45,3471.4,Paid
538,97,Male,29,Alabama,Corporate,5/29/2022,5/30/2022,6/3/2022,Stain Removal,3,1.79,Mixed,Customer Pickup,8244.2,6/3/2022,8244.2,Cash,1813.72,329.77,247.33,164.88,329.77,20,0,247.33,0,618.32,164.88,3936,4308.2,Paid
539,99,Female,51,Indiana,Student,11/6/2021,11/7/2021,11/11/2021,Ironing,25,25.42,Heavy,Customer Pickup,10461.55,11/11/2021,10461.55,Cash,2720,627.69,0,0,0,50,0,313.85,0,784.62,209.23,4705.39,5756.16,Paid
540,1,Female,59,North Carolina,Regular,3/28/2022,3/29/2022,4/2/2022,Ironing,10,5.97,Mixed,Home Delivery,5931.19,4/2/2022,5931.19,Online Payment,1304.86,296.56,0,0,0,20,237.25,177.94,0,444.84,118.62,2600.07,3331.12,Paid
541,11,Female,49,Kentucky,Regular,11/2/2023,11/3/2023,11/7/2023,Laundry,21,5.42,Light,Customer Pickup,9218.64,11/3/2023,9218.64,Cash,1659.36,460.93,368.75,460.93,0,50,0,276.56,0,691.4,184.37,4152.3,5066.34,Paid
542,48,Female,47,Florida,Student,3/3/2025,3/4/2025,3/8/2025,Ironing,17,9.66,Mixed,Home Delivery,9804.07,3/8/2025,9804.07,Credit Card,2156.9,490.2,0,0,0,35,392.16,294.12,0,735.31,196.08,4299.77,5504.3,Paid
543,8,Male,26,South Carolina,Corporate,3/7/2025,3/8/2025,3/12/2025,Dry Cleaning,5,2.53,Mixed,Customer Pickup,11751.56,3/12/2025,11751.56,Cash,2585.34,470.06,0,0,705.09,20,0,352.55,0,881.37,235.03,5249.44,6502.12,Paid
544,96,Male,27,Florida,Corporate,10/19/2021,10/20/2021,10/24/2021,Dry Cleaning,24,14.91,Mixed,Customer Pickup,11747.52,10/24/2021,11747.52,Credit Card,2584.45,704.85,0,0,704.85,50,0,352.43,0,881.06,234.95,5512.59,6234.93,Paid
545,56,Female,57,Georgia,Regular,2/4/2025,2/5/2025,2/9/2025,Laundry,17,10.88,Mixed,Customer Pickup,9904.44,2/4/2025,9904.44,Credit Card,2178.98,594.27,396.18,495.22,0,35,0,297.13,0,742.83,198.09,4937.7,4966.74,Paid
546,90,Male,42,North Carolina,Corporate,5/21/2023,5/22/2023,5/26/2023,Ironing,23,6.32,Light,Customer Pickup,9836.31,5/26/2023,9836.31,Cash,1770.54,491.82,0,0,0,50,0,295.09,0,737.72,196.73,3541.9,6294.41,Paid
547,82,Male,32,Florida,Regular,10/7/2024,10/8/2024,10/12/2024,Ironing,18,10.16,Mixed,Home Delivery,10596.33,10/12/2024,10596.33,Cash,2331.19,635.78,0,0,0,35,423.85,317.89,0,794.72,211.93,4750.36,5845.97,Paid
548,38,Male,22,New York,Student,1/30/2022,1/31/2022,2/4/2022,Laundry,25,14.03,Mixed,Home Delivery,1528.27,2/4/2022,1528.27,Online Payment,336.22,91.7,61.13,76.41,0,50,61.13,45.85,0,114.62,30.57,867.63,660.64,Paid
549,43,Male,34,California,Regular,2/29/2024,3/1/2024,3/5/2024,Dry Cleaning,13,7.96,Mixed,Customer Pickup,12647.99,3/5/2024,12647.99,Cash,2782.56,632.4,0,0,758.88,35,0,379.44,0,948.6,252.96,5789.84,6858.15,Paid
550,2,Male,41,Utah,Regular,5/8/2023,5/9/2023,5/13/2023,Laundry,17,5.14,Light,Customer Pickup,8304.71,5/13/2023,8304.71,Online Payment,1494.85,415.24,332.19,415.24,0,35,0,249.14,0,622.85,166.09,3730.6,4574.11,Paid
551,82,Male,32,Florida,Regular,8/31/2024,9/1/2024,9/5/2024,Ironing,27,7.74,Light,Customer Pickup,555.14,9/1/2024,555.14,Cash,99.93,27.76,0,0,0,50,0,16.65,27.76,41.64,11.1,219.32,335.82,Paid
552,2,Male,41,Utah,Regular,11/15/2023,11/16/2023,11/20/2023,Ironing,9,4.87,Mixed,Home Delivery,3250.68,11/20/2023,3250.68,Cash,715.15,130.03,0,0,0,20,130.03,97.52,0,243.8,65.01,1401.54,1849.14,Paid
553,64,Male,27,Florida,Regular,9/6/2022,9/7/2022,9/11/2022,Stain Removal,13,6.99,Mixed,Customer Pickup,5103.91,9/11/2022,5103.91,Cash,1122.86,255.2,153.12,102.08,204.16,35,0,153.12,0,382.79,102.08,2510.41,2593.5,Paid
554,12,Female,46,West Virginia,Regular,3/12/2022,3/13/2022,3/17/2022,Dry Cleaning,5,1.47,Light,Customer Pickup,1546.01,3/17/2022,1546.01,Cash,278.28,61.84,0,0,92.76,20,0,46.38,0,115.95,30.92,646.13,899.88,Paid
555,69,Male,44,Illinois,Student,6/30/2024,7/1/2024,7/5/2024,Stain Removal,23,13.04,Mixed,Customer Pickup,12896.52,7/5/2024,12896.52,Cash,2837.23,773.79,386.9,257.93,515.86,50,0,386.9,0,967.24,257.93,6433.78,6462.74,Paid
556,9,Female,54,New York,Regular,5/8/2025,5/9/2025,5/13/2025,Laundry,19,6.49,Light,Express,12788.45,5/13/2025,12788.45,Cash,2301.92,639.42,511.54,639.42,0,35,767.31,383.65,0,959.13,255.77,6493.16,6295.29,Paid
557,38,Male,22,New York,Student,12/6/2022,12/7/2022,12/11/2022,Laundry,28,15.01,Mixed,Customer Pickup,10127.19,12/11/2022,10127.19,Cash,2227.98,607.63,405.09,506.36,0,50,0,303.82,0,759.54,202.54,5062.96,5064.23,Paid
558,61,Female,44,Florida,Corporate,5/30/2021,5/31/2021,6/4/2021,Laundry,8,2.36,Light,Customer Pickup,5351.3,6/4/2021,5351.3,Cash,963.23,214.05,214.05,267.57,0,20,0,160.54,0,401.35,107.03,2347.82,3003.48,Paid
559,92,Female,37,New York,Regular,8/26/2025,8/27/2025,8/31/2025,Dry Cleaning,12,6.97,Mixed,Customer Pickup,2825.12,8/26/2025,2825.12,Credit Card,621.53,141.26,0,0,169.51,35,0,84.75,0,211.88,56.5,1320.43,1504.69,Paid
560,77,Male,29,District of Columbia,Corporate,2/21/2024,2/22/2024,2/26/2024,Laundry,26,14.33,Mixed,Home Delivery,13712.52,2/22/2024,13712.52,Online Payment,3016.75,822.75,548.5,685.63,0,50,548.5,411.38,0,1028.44,274.25,7386.2,6326.32,Paid
561,8,Male,26,South Carolina,Corporate,3/25/2024,3/26/2024,3/30/2024,Laundry,12,3.11,Light,Customer Pickup,8326.95,3/30/2024,8326.95,Cash,1498.85,333.08,333.08,416.35,0,35,0,249.81,0,624.52,166.54,3657.23,4669.72,Paid
562,8,Male,26,South Carolina,Corporate,5/23/2021,5/24/2021,5/28/2021,Stain Removal,6,1.75,Light,Customer Pickup,4905.39,5/28/2021,4905.39,Online Payment,882.97,196.22,147.16,98.11,196.22,20,0,147.16,0,367.9,98.11,2153.85,2751.54,Paid
563,14,Male,31,Tennessee,Regular,6/24/2025,6/25/2025,6/29/2025,Laundry,28,17.54,Mixed,Customer Pickup,13514.8,6/29/2025,13514.8,Online Payment,2973.26,810.89,540.59,675.74,0,50,0,405.44,0,1013.61,270.3,6739.83,6774.97,Paid
564,47,Male,34,Illinois,Student,10/19/2022,10/20/2022,10/24/2022,Dry Cleaning,26,16.71,Mixed,Customer Pickup,12117.37,10/19/2022,12117.37,Online Payment,2665.82,727.04,0,0,727.04,50,0,363.52,0,908.8,242.35,5684.57,6432.8,Paid
565,91,Female,50,Indiana,Walk-in,3/11/2025,3/12/2025,3/16/2025,Ironing,24,12.81,Mixed,Express,9591.57,3/11/2025,9591.57,Online Payment,2110.15,575.49,0,0,0,50,575.49,287.75,0,719.37,191.83,4510.08,5081.49,Paid
566,13,Female,54,Mississippi,Walk-in,6/20/2022,6/21/2022,6/25/2022,Stain Removal,26,7.21,Light,Customer Pickup,13385.15,6/25/2022,13385.15,Cash,2409.33,669.26,401.55,267.7,535.41,50,0,401.55,0,1003.89,267.7,6006.39,7378.76,Paid
567,92,Female,37,New York,Regular,8/5/2022,8/6/2022,8/10/2022,Laundry,17,10.25,Mixed,Customer Pickup,9190.6,8/10/2022,9190.6,Cash,2021.93,551.44,367.62,459.53,0,35,0,275.72,0,689.3,183.81,4584.35,4606.25,Paid
568,21,Male,29,New York,Regular,5/26/2023,5/27/2023,5/31/2023,Laundry,17,5.29,Light,Customer Pickup,12951.5,5/27/2023,12951.5,Cash,2331.27,647.58,518.06,647.58,0,35,0,388.55,0,971.36,259.03,5798.43,7153.07,Paid
569,30,Male,31,Texas,Student,3/13/2024,3/14/2024,3/18/2024,Laundry,6,3.89,Mixed,Customer Pickup,14455.96,3/18/2024,14455.96,Cash,3180.31,578.24,578.24,722.8,0,20,0,433.68,0,1084.2,289.12,6886.59,7569.37,Paid
570,87,Male,34,Ohio,Regular,8/27/2025,8/28/2025,9/1/2025,Laundry,13,3.42,Light,Customer Pickup,2275.11,9/1/2025,2275.11,Online Payment,409.52,91,91,113.76,0,35,0,68.25,0,170.63,45.5,1024.66,1250.45,Paid
571,41,Female,54,California,Corporate,9/24/2025,9/25/2025,9/29/2025,Laundry,14,14.04,Heavy,Customer Pickup,6836.46,9/24/2025,6836.46,Online Payment,1777.48,410.19,273.46,341.82,0,35,0,205.09,0,512.73,136.73,3692.5,3143.96,Paid
572,47,Male,34,Illinois,Student,6/12/2023,6/13/2023,6/17/2023,Stain Removal,11,3.84,Light,Customer Pickup,5215.29,6/12/2023,5215.29,Online Payment,938.75,208.61,156.46,104.31,208.61,35,0,156.46,0,391.15,104.31,2303.66,2911.63,Paid
573,10,Male,22,New Jersey,Regular,6/27/2023,6/28/2023,7/2/2023,Dry Cleaning,28,9.63,Light,Customer Pickup,4902.63,7/2/2023,4902.63,Cash,882.47,245.13,0,0,294.16,50,0,147.08,0,367.7,98.05,2084.59,2818.04,Paid
574,10,Male,22,New Jersey,Regular,12/4/2025,12/5/2025,12/9/2025,Laundry,25,15.17,Mixed,Express,3038.6,12/9/2025,3038.6,Credit Card,668.49,182.32,121.54,151.93,0,50,182.32,91.16,0,227.9,60.77,1736.43,1302.17,Paid
575,19,Male,20,Georgia,Student,5/20/2024,5/21/2024,5/25/2024,Dry Cleaning,9,5.5,Mixed,Customer Pickup,13618.07,5/20/2024,13618.07,Online Payment,2995.98,680.9,0,0,817.08,20,0,408.54,0,1021.36,272.36,6216.22,7401.85,Paid
576,65,Male,44,Michigan,Regular,9/26/2021,9/27/2021,10/1/2021,Laundry,8,4.7,Mixed,Home Delivery,3720.08,9/26/2021,3720.08,Online Payment,818.42,148.8,148.8,186,0,20,148.8,111.6,0,279.01,74.4,1935.83,1784.25,Paid
577,65,Male,44,Michigan,Regular,3/5/2023,3/6/2023,3/10/2023,Laundry,17,10.27,Mixed,Customer Pickup,12667.17,3/6/2023,12667.17,Cash,2786.78,760.03,506.69,633.36,0,35,0,380.02,0,950.04,253.34,6305.26,6361.91,Paid
578,32,Female,36,New Mexico,Student,8/2/2024,8/3/2024,8/7/2024,Ironing,2,1.21,Mixed,Customer Pickup,4738.78,8/3/2024,4738.78,Cash,1042.53,189.55,0,0,0,20,0,142.16,0,355.41,94.78,1844.43,2894.35,Paid
579,64,Male,27,Florida,Regular,8/16/2023,8/17/2023,8/21/2023,Laundry,9,5.12,Mixed,Customer Pickup,2957.92,8/21/2023,2957.92,Online Payment,650.74,147.9,118.32,147.9,0,20,0,88.74,0,221.84,59.16,1454.6,1503.32,Paid
580,24,Female,47,District of Columbia,Regular,9/22/2022,9/23/2022,9/27/2022,Dry Cleaning,28,14.73,Mixed,Customer Pickup,5450.76,9/27/2022,5450.76,Cash,1199.17,327.05,0,0,327.05,50,0,163.52,0,408.81,109.02,2584.62,2866.14,Paid
581,29,Female,54,Florida,Student,5/6/2025,5/7/2025,5/11/2025,Laundry,18,10.34,Mixed,Express,14911.12,5/11/2025,14911.12,Online Payment,3280.45,894.67,596.44,745.56,0,35,894.67,447.33,0,1118.33,298.22,8310.67,6600.45,Paid
582,70,Female,42,Georgia,Corporate,12/13/2023,12/14/2023,12/18/2023,Laundry,8,2.76,Light,Customer Pickup,14292.03,12/18/2023,14292.03,Online Payment,2572.57,571.68,571.68,714.6,0,20,0,428.76,0,1071.9,285.84,6237.03,8055,Paid
583,61,Female,44,Florida,Corporate,5/8/2021,5/9/2021,5/13/2021,Laundry,2,1.08,Mixed,Customer Pickup,2651.18,5/9/2021,2651.18,Cash,583.26,106.05,106.05,132.56,0,20,0,79.54,0,198.84,53.02,1279.32,1371.86,Paid
584,97,Male,29,Alabama,Corporate,4/21/2021,4/22/2021,4/26/2021,Dry Cleaning,18,10.49,Mixed,Home Delivery,9251.99,4/26/2021,9251.99,Cash,2035.44,555.12,0,0,555.12,35,370.08,277.56,0,693.9,185.04,4707.26,4544.73,Paid
585,100,Male,27,Colorado,Walk-in,2/23/2021,2/24/2021,2/28/2021,Mending,26,8.86,Light,Home Delivery,12167.11,2/28/2021,12167.11,Cash,2190.08,608.36,0,0,0,50,486.68,365.01,0,912.53,243.34,4856,7311.11,Paid
586,9,Female,54,New York,Regular,2/6/2024,2/7/2024,2/11/2024,Stain Removal,28,9.47,Light,Customer Pickup,14813.52,2/6/2024,14813.52,Online Payment,2666.43,740.68,444.41,296.27,592.54,50,0,444.41,0,1111.01,296.27,6642.02,8171.5,Paid
587,45,Male,29,Georgia,Regular,1/11/2025,1/12/2025,1/16/2025,Laundry,20,12.08,Mixed,Home Delivery,12895.41,1/16/2025,12895.41,Cash,2836.99,773.72,515.82,644.77,0,35,515.82,386.86,0,967.16,257.91,6934.05,5961.36,Paid
588,98,Male,42,District of Columbia,Regular,8/16/2021,8/17/2021,8/21/2021,Laundry,20,12.43,Mixed,Customer Pickup,1963.36,8/16/2021,1963.36,Online Payment,431.94,117.8,78.53,98.17,0,35,0,58.9,0,147.25,39.27,1006.86,956.5,Paid
589,54,Male,32,Pennsylvania,Regular,7/31/2025,8/1/2025,8/5/2025,Laundry,20,6.96,Light,Home Delivery,12023.9,8/5/2025,12023.9,Cash,2164.3,601.2,480.96,601.2,0,35,480.96,360.72,0,901.79,240.48,5866.61,6157.29,Paid
590,77,Male,29,District of Columbia,Corporate,12/7/2021,12/8/2021,12/12/2021,Laundry,5,2.84,Mixed,Home Delivery,1260.37,12/12/2021,1260.37,Online Payment,277.28,50.41,50.41,63.02,0,20,50.41,37.81,63.02,94.53,25.21,606.06,654.31,Paid
591,23,Male,34,California,Student,7/28/2023,7/29/2023,8/2/2023,Laundry,26,7.45,Light,Customer Pickup,3285.47,8/2/2023,3285.47,Cash,591.38,164.27,131.42,164.27,0,50,0,98.56,0,246.41,65.71,1512.02,1773.45,Paid
592,83,Female,50,Alabama,Regular,4/14/2023,4/15/2023,4/19/2023,Laundry,3,0.88,Light,Customer Pickup,10140.08,4/14/2023,10140.08,Online Payment,1825.21,405.6,405.6,507,0,20,0,304.2,0,760.51,202.8,4430.92,5709.16,Paid
593,43,Male,34,California,Regular,4/26/2024,4/27/2024,5/1/2024,Dry Cleaning,10,2.61,Light,Customer Pickup,12696.26,4/27/2024,12696.26,Cash,2285.33,507.85,0,0,761.78,20,0,380.89,0,952.22,253.93,5162,7534.26,Paid
594,69,Male,44,Illinois,Student,10/26/2021,10/27/2021,10/31/2021,Laundry,11,5.87,Mixed,Customer Pickup,7823.76,10/27/2021,7823.76,Cash,1721.23,391.19,312.95,391.19,0,35,0,234.71,0,586.78,156.48,3829.53,3994.23,Paid
595,13,Female,54,Mississippi,Walk-in,7/27/2025,7/28/2025,8/1/2025,Ironing,10,3.29,Light,Customer Pickup,3837.91,8/1/2025,3837.91,Cash,690.82,153.52,0,0,0,20,0,115.14,0,287.84,76.76,1344.08,2493.83,Paid
596,57,Female,45,California,Regular,6/16/2022,6/17/2022,6/21/2022,Stain Removal,13,7.04,Mixed,Home Delivery,14880.26,6/21/2022,14880.26,Cash,3273.66,744.01,446.41,297.61,595.21,35,595.21,446.41,0,1116.02,297.61,7847.15,7033.11,Paid
597,46,Male,31,Texas,Regular,6/27/2023,6/28/2023,7/2/2023,Dry Cleaning,29,14.58,Mixed,Home Delivery,14102.01,6/28/2023,14102.01,Cash,3102.44,846.12,0,0,846.12,50,564.08,423.06,0,1057.65,282.04,7171.51,6930.5,Paid
598,57,Female,45,California,Regular,6/18/2023,6/19/2023,6/23/2023,Laundry,10,2.76,Light,Customer Pickup,3179.78,6/23/2023,3179.78,Cash,572.36,127.19,127.19,158.99,0,20,0,95.39,0,238.48,63.6,1403.2,1776.58,Paid
599,47,Male,34,Illinois,Student,6/9/2025,6/10/2025,6/14/2025,Stain Removal,11,5.93,Mixed,Customer Pickup,3090.66,6/14/2025,3090.66,Cash,679.95,154.53,92.72,61.81,123.63,35,0,92.72,0,231.8,61.81,1533.97,1556.69,Paid
600,63,Female,55,Maryland,Student,9/20/2023,9/21/2023,9/25/2023,Laundry,9,5.19,Mixed,Home Delivery,14468.83,9/25/2023,14468.83,Cash,3183.14,723.44,578.75,723.44,0,20,578.75,434.06,0,1085.16,289.38,7616.12,6852.71,Paid
601,74,Male,22,Georgia,Regular,7/23/2025,7/24/2025,7/28/2025,Laundry,12,3.92,Light,Home Delivery,6795.76,7/28/2025,6795.76,Cash,1223.24,271.83,271.83,339.79,0,35,271.83,203.87,339.79,509.68,135.92,2923.2,3872.56,Paid
602,81,Male,35,Florida,Regular,4/26/2021,4/27/2021,5/1/2021,Laundry,25,7.03,Light,Customer Pickup,11725.77,5/1/2021,11725.77,Credit Card,2110.64,586.29,469.03,586.29,0,50,0,351.77,0,879.43,234.52,5267.97,6457.8,Paid
603,81,Male,35,Florida,Regular,9/10/2023,9/11/2023,9/15/2023,Ironing,3,0.83,Light,Customer Pickup,7900.5,9/15/2023,7900.5,Credit Card,1422.09,316.02,0,0,0,20,0,237.02,0,592.54,158.01,2745.68,5154.82,Paid
604,63,Female,55,Maryland,Student,10/19/2021,10/20/2021,10/24/2021,Ironing,18,10,Mixed,Home Delivery,6943.28,10/20/2021,6943.28,Cash,1527.52,347.16,0,0,0,35,277.73,208.3,0,520.75,138.87,3055.33,3887.95,Paid
605,71,Male,39,Iowa,Regular,2/7/2024,2/8/2024,2/12/2024,Dry Cleaning,24,6.17,Light,Customer Pickup,10345.49,2/12/2024,10345.49,Cash,1862.19,517.27,0,0,620.73,50,0,310.36,517.27,775.91,206.91,3826.1,6519.39,Paid
606,64,Male,27,Florida,Regular,2/4/2024,2/5/2024,2/9/2024,Dry Cleaning,17,9.1,Mixed,Home Delivery,12864.06,2/4/2024,12864.06,Online Payment,2830.09,643.2,0,0,771.84,35,514.56,385.92,643.2,964.8,257.28,5759.49,7104.57,Paid
607,6,Male,31,Pennsylvania,Regular,5/15/2021,5/16/2021,5/20/2021,Ironing,6,3.87,Mixed,Home Delivery,13955.23,5/16/2021,13955.23,Online Payment,3070.15,558.21,0,0,0,20,558.21,418.66,0,1046.64,279.1,5950.97,8004.26,Paid
608,38,Male,22,New York,Student,3/14/2021,3/15/2021,3/19/2021,Dry Cleaning,4,1.05,Light,Customer Pickup,4357.09,3/19/2021,4357.09,Online Payment,784.28,174.28,0,0,261.43,20,0,130.71,0,326.78,87.14,1784.62,2572.47,Paid
609,73,Female,60,Ohio,Regular,3/18/2021,3/19/2021,3/23/2021,Ironing,27,16.53,Mixed,Customer Pickup,2198.11,3/23/2021,2198.11,Credit Card,483.58,131.89,0,0,0,50,0,65.94,0,164.86,43.96,940.23,1257.88,Paid
610,51,Female,39,California,Corporate,3/18/2024,3/19/2024,3/23/2024,Laundry,8,2.28,Light,Home Delivery,990.64,3/23/2024,990.64,Cash,178.32,39.63,39.63,49.53,0,20,39.63,29.72,49.53,74.3,19.81,441.04,549.6,Paid
611,33,Female,44,Virginia,Regular,6/8/2023,6/9/2023,6/13/2023,Dry Cleaning,10,5.73,Mixed,Express,7846.38,6/13/2023,7846.38,Credit Card,1726.2,392.32,0,0,470.78,20,470.78,235.39,0,588.48,156.93,4060.88,3785.5,Paid
612,11,Female,49,Kentucky,Regular,3/16/2023,3/17/2023,3/21/2023,Dry Cleaning,5,1.45,Light,Home Delivery,9949.13,3/16/2023,9949.13,Online Payment,1790.84,397.97,0,0,596.95,20,397.97,298.47,0,746.18,198.98,4447.36,5501.77,Paid
613,58,Female,52,Ohio,Student,6/30/2021,7/1/2021,7/5/2021,Laundry,29,8.84,Light,Home Delivery,2503.24,6/30/2021,2503.24,Online Payment,450.58,125.16,100.13,125.16,0,50,100.13,75.1,125.16,187.74,50.06,1138.9,1364.34,Paid
614,57,Female,45,California,Regular,5/16/2025,5/17/2025,5/21/2025,Laundry,23,22.09,Heavy,Customer Pickup,14234.31,5/21/2025,14234.31,Cash,3700.92,854.06,569.37,711.72,0,50,0,427.03,0,1067.57,284.69,7665.36,6568.95,Paid
615,8,Male,26,South Carolina,Corporate,5/13/2024,5/14/2024,5/18/2024,Ironing,16,4.04,Light,Express,4176.43,5/18/2024,4176.43,Online Payment,751.76,167.06,0,0,0,35,250.59,125.29,0,313.23,83.53,1726.46,2449.97,Paid
616,71,Male,39,Iowa,Regular,11/12/2021,11/13/2021,11/17/2021,Ironing,21,6.37,Light,Home Delivery,7487.6,11/12/2021,7487.6,Online Payment,1347.77,374.38,0,0,0,50,299.5,224.63,0,561.57,149.75,3007.6,4480,Paid
617,29,Female,54,Florida,Student,2/28/2024,2/29/2024,3/4/2024,Laundry,15,4.62,Light,Customer Pickup,12334.02,3/4/2024,12334.02,Cash,2220.12,493.36,493.36,616.7,0,35,0,370.02,0,925.05,246.68,5400.29,6933.73,Paid
618,34,Male,31,District of Columbia,Regular,5/31/2025,6/1/2025,6/5/2025,Laundry,5,2.73,Mixed,Home Delivery,7106.49,6/1/2025,7106.49,Cash,1563.43,284.26,284.26,355.32,0,20,284.26,213.19,0,532.99,142.13,3679.84,3426.65,Paid
619,80,Male,27,Connecticut,Regular,7/13/2025,7/14/2025,7/18/2025,Laundry,24,7.95,Light,Customer Pickup,14088.53,7/14/2025,14088.53,Cash,2535.94,704.43,563.54,704.43,0,50,0,422.66,0,1056.64,281.77,6319.41,7769.12,Paid
620,97,Male,29,Alabama,Corporate,4/1/2024,4/2/2024,4/6/2024,Laundry,6,3.11,Mixed,Customer Pickup,1257.81,4/6/2024,1257.81,Credit Card,276.72,50.31,50.31,62.89,0,20,0,37.73,0,94.34,25.16,617.46,640.35,Paid
621,44,Male,37,New York,Student,9/11/2021,9/12/2021,9/16/2021,Laundry,10,2.7,Light,Home Delivery,1725.55,9/11/2021,1725.55,Online Payment,310.6,69.02,69.02,86.28,0,20,69.02,51.77,0,129.42,34.51,839.64,885.91,Paid
622,29,Female,54,Florida,Student,8/31/2024,9/1/2024,9/5/2024,Laundry,11,3.43,Light,Home Delivery,1661.46,8/31/2024,1661.46,Online Payment,299.06,66.46,66.46,83.07,0,35,66.46,49.84,83.07,124.61,33.23,741.12,920.34,Paid
623,14,Male,31,Tennessee,Regular,7/31/2021,8/1/2021,8/5/2021,Ironing,8,2.39,Light,Home Delivery,8677.81,8/5/2021,8677.81,Credit Card,1562.01,347.11,0,0,0,20,347.11,260.33,0,650.84,173.56,3360.96,5316.85,Paid
624,83,Female,50,Alabama,Regular,7/11/2024,7/12/2024,7/16/2024,Laundry,8,4.72,Mixed,Customer Pickup,11456.95,7/12/2024,11456.95,Cash,2520.53,458.28,458.28,572.85,0,20,0,343.71,0,859.27,229.14,5462.06,5994.89,Paid
625,70,Female,42,Georgia,Corporate,9/22/2024,9/23/2024,9/27/2024,Dry Cleaning,15,8.65,Mixed,Home Delivery,3211.61,9/23/2024,3211.61,Cash,706.55,160.58,0,0,192.7,35,128.46,96.35,0,240.87,64.23,1624.74,1586.87,Paid
626,2,Male,41,Utah,Regular,11/9/2023,11/10/2023,11/14/2023,Laundry,13,4.25,Light,Home Delivery,1833.83,11/14/2023,1833.83,Cash,330.09,73.35,73.35,91.69,0,35,73.35,55.01,0,137.54,36.68,906.06,927.77,Paid
627,1,Female,59,North Carolina,Regular,10/16/2025,10/17/2025,10/21/2025,Ironing,10,5.47,Mixed,Home Delivery,14743.44,10/21/2025,14743.44,Cash,3243.56,737.17,0,0,0,20,589.74,442.3,0,1105.76,294.87,6433.4,8310.04,Paid
628,97,Male,29,Alabama,Corporate,5/24/2021,5/25/2021,5/29/2021,Laundry,23,12.35,Mixed,Customer Pickup,11355.92,5/29/2021,11355.92,Cash,2498.3,681.36,454.24,567.8,0,50,0,340.68,567.8,851.69,227.12,5103.39,6252.53,Paid
629,82,Male,32,Florida,Regular,5/23/2022,5/24/2022,5/28/2022,Laundry,6,1.68,Light,Customer Pickup,6290.61,5/28/2022,6290.61,Cash,1132.31,251.62,251.62,314.53,0,20,0,188.72,0,471.8,125.81,2756.41,3534.2,Paid
630,17,Male,44,Illinois,Student,7/28/2024,7/29/2024,8/2/2024,Laundry,28,28.84,Heavy,Customer Pickup,12621.02,8/2/2024,12621.02,Credit Card,3281.47,757.26,504.84,631.05,0,50,0,378.63,0,946.58,252.42,6802.25,5818.77,Paid
631,40,Male,37,Minnesota,Regular,9/9/2021,9/10/2021,9/14/2021,Mending,29,18.54,Mixed,Home Delivery,11986.26,9/14/2021,11986.26,Credit Card,2636.98,719.18,0,0,0,50,479.45,359.59,599.31,898.97,239.73,4784.59,7201.67,Paid
632,49,Male,29,Alabama,Regular,8/21/2023,8/22/2023,8/26/2023,Laundry,13,7.16,Mixed,Home Delivery,10601.28,8/21/2023,10601.28,Credit Card,2332.28,530.06,424.05,530.06,0,35,424.05,318.04,0,795.1,212.03,5600.67,5000.61,Paid
633,25,Male,44,Tennessee,Student,7/1/2024,7/2/2024,7/6/2024,Dry Cleaning,2,1.27,Mixed,Customer Pickup,4566.29,7/1/2024,4566.29,Online Payment,1004.58,182.65,0,0,273.98,20,0,136.99,0,342.47,91.33,2052,2514.29,Paid
634,78,Male,22,Florida,Regular,10/6/2024,10/7/2024,10/11/2024,Laundry,19,11.05,Mixed,Customer Pickup,10501.32,10/11/2024,10501.32,Cash,2310.29,630.08,420.05,525.07,0,35,0,315.04,0,787.6,210.03,5233.16,5268.16,Paid
635,12,Female,46,West Virginia,Regular,9/23/2021,9/24/2021,9/28/2021,Laundry,5,3.24,Mixed,Home Delivery,12263.44,9/28/2021,12263.44,Cash,2697.96,490.54,490.54,613.17,0,20,490.54,367.9,0,919.76,245.27,6335.68,5927.76,Paid
636,26,Male,31,Texas,Student,10/12/2023,10/13/2023,10/17/2023,Dry Cleaning,7,3.81,Mixed,Customer Pickup,5854.63,10/17/2023,5854.63,Cash,1288.02,234.19,0,0,351.28,20,0,175.64,292.73,439.1,117.09,2332.59,3522.04,Paid
637,92,Female,37,New York,Regular,6/14/2021,6/15/2021,6/19/2021,Ironing,6,1.81,Light,Home Delivery,5442.9,6/19/2021,5442.9,Cash,979.72,217.72,0,0,0,20,217.72,163.29,0,408.22,108.86,2115.53,3327.37,Paid
638,83,Female,50,Alabama,Regular,11/21/2021,11/22/2021,11/26/2021,Laundry,5,1.58,Light,Customer Pickup,14742.17,11/26/2021,14742.17,Cash,2653.59,589.69,589.69,737.11,0,20,0,442.27,0,1105.66,294.84,6432.85,8309.32,Paid
639,39,Female,64,Kentucky,Regular,2/26/2024,2/27/2024,3/2/2024,Laundry,2,1.24,Mixed,Customer Pickup,6868.58,2/27/2024,6868.58,Online Payment,1511.09,274.74,274.74,343.43,0,20,0,206.06,0,515.14,137.37,3282.57,3586.01,Paid
640,45,Male,29,Georgia,Regular,10/23/2021,10/24/2021,10/28/2021,Laundry,9,5.83,Mixed,Customer Pickup,7613.15,10/24/2021,7613.15,Online Payment,1674.89,380.66,304.53,380.66,0,20,0,228.39,0,570.99,152.26,3712.38,3900.77,Paid
641,9,Female,54,New York,Regular,11/21/2022,11/22/2022,11/26/2022,Ironing,21,20.16,Heavy,Customer Pickup,7610.1,11/26/2022,7610.1,Credit Card,1978.63,456.61,0,0,0,50,0,228.3,380.51,570.76,152.2,3055.99,4554.11,Paid
642,10,Male,22,New Jersey,Regular,10/14/2025,10/15/2025,10/19/2025,Laundry,27,27.41,Heavy,Home Delivery,13258.84,10/15/2025,13258.84,Cash,3447.3,795.53,530.35,662.94,0,50,530.35,397.77,0,994.41,265.18,7673.83,5585.01,Paid
643,21,Male,29,New York,Regular,11/12/2025,11/13/2025,11/17/2025,Laundry,13,8.42,Mixed,Customer Pickup,3202.88,11/12/2025,3202.88,Credit Card,704.63,160.14,128.12,160.14,0,35,0,96.09,0,240.22,64.06,1588.4,1614.48,Paid
644,74,Male,22,Georgia,Regular,2/8/2021,2/9/2021,2/13/2021,Laundry,23,7.51,Light,Customer Pickup,3871.44,2/9/2021,3871.44,Cash,696.86,193.57,154.86,193.57,0,50,0,116.14,0,290.36,77.43,1772.79,2098.65,Paid
645,8,Male,26,South Carolina,Corporate,7/22/2022,7/23/2022,7/27/2022,Ironing,8,5.05,Mixed,Home Delivery,13806.3,7/23/2022,13806.3,Cash,3037.39,690.32,0,0,0,20,552.25,414.19,0,1035.47,276.13,6025.75,7780.55,Paid
646,19,Male,20,Georgia,Student,12/9/2021,12/10/2021,12/14/2021,Laundry,25,12.75,Mixed,Home Delivery,2110.41,12/14/2021,2110.41,Online Payment,464.29,126.62,84.42,105.52,0,50,84.42,63.31,0,158.28,42.21,1179.07,931.34,Paid
647,67,Male,39,Illinois,Corporate,12/14/2025,12/15/2025,12/19/2025,Dry Cleaning,17,5.48,Light,Customer Pickup,10779.9,12/19/2025,10779.9,Online Payment,1940.38,539,0,0,646.79,35,0,323.4,0,808.49,215.6,4508.66,6271.24,Paid
648,79,Female,50,Vermont,Regular,1/5/2021,1/6/2021,1/10/2021,Dry Cleaning,9,8.3,Heavy,Home Delivery,12384.42,1/6/2021,12384.42,Online Payment,3219.95,619.22,0,0,743.07,20,495.38,371.53,0,928.83,247.69,6645.67,5738.75,Paid
649,94,Male,32,Iowa,Regular,12/12/2025,12/13/2025,12/17/2025,Laundry,5,1.69,Light,Customer Pickup,7424.18,12/17/2025,7424.18,Cash,1336.35,296.97,296.97,371.21,0,20,0,222.73,0,556.81,148.48,3249.52,4174.66,Paid
650,32,Female,36,New Mexico,Student,2/27/2025,2/28/2025,3/4/2025,Laundry,13,6.78,Mixed,Home Delivery,7262.52,3/4/2025,7262.52,Credit Card,1597.75,363.13,290.5,363.13,0,35,290.5,217.88,0,544.69,145.25,3847.83,3414.69,Paid
651,77,Male,29,District of Columbia,Corporate,11/16/2023,11/17/2023,11/21/2023,Dry Cleaning,28,14.45,Mixed,Customer Pickup,11196.01,11/21/2023,11196.01,Credit Card,2463.12,671.76,0,0,671.76,50,0,335.88,559.8,839.7,223.92,4696.34,6499.67,Paid
652,90,Male,42,North Carolina,Corporate,3/3/2024,3/4/2024,3/8/2024,Ironing,10,2.6,Light,Customer Pickup,6711.88,3/8/2024,6711.88,Online Payment,1208.14,268.48,0,0,0,20,0,201.36,0,503.39,134.24,2335.61,4376.27,Paid
653,16,Male,36,California,Student,5/7/2021,5/8/2021,5/12/2021,Laundry,16,8.46,Mixed,Customer Pickup,8420.15,5/12/2021,8420.15,Cash,1852.43,421.01,336.81,421.01,0,35,0,252.6,0,631.51,168.4,4118.77,4301.38,Paid
654,11,Female,49,Kentucky,Regular,9/16/2021,9/17/2021,9/21/2021,Ironing,21,20.87,Heavy,Customer Pickup,1505.29,9/21/2021,1505.29,Cash,391.38,90.32,0,0,0,50,0,45.16,0,112.9,30.11,719.87,785.42,Paid
655,8,Male,26,South Carolina,Corporate,4/24/2021,4/25/2021,4/29/2021,Laundry,30,17.96,Mixed,Customer Pickup,3889.84,4/29/2021,3889.84,Credit Card,855.76,233.39,155.59,194.49,0,50,0,116.7,0,291.74,77.8,1975.47,1914.37,Paid
656,6,Male,31,Pennsylvania,Regular,5/26/2021,5/27/2021,5/31/2021,Dry Cleaning,3,1.66,Mixed,Home Delivery,3795.78,5/31/2021,3795.78,Online Payment,835.07,151.83,0,0,227.75,20,151.83,113.87,0,284.68,75.92,1860.95,1934.83,Paid
657,6,Male,31,Pennsylvania,Regular,10/19/2023,10/20/2023,10/24/2023,Laundry,17,10.47,Mixed,Customer Pickup,13403.44,10/19/2023,13403.44,Online Payment,2948.76,804.21,536.14,670.17,0,35,0,402.1,0,1005.26,268.07,6669.71,6733.73,Paid
658,12,Female,46,West Virginia,Regular,3/11/2021,3/12/2021,3/16/2021,Ironing,22,7.3,Light,Home Delivery,2331.11,3/11/2021,2331.11,Online Payment,419.6,116.56,0,0,0,50,93.24,69.93,0,174.83,46.62,970.78,1360.33,Paid
659,39,Female,64,Kentucky,Regular,11/12/2023,11/13/2023,11/17/2023,Laundry,28,9.18,Light,Home Delivery,4995.36,11/13/2023,4995.36,Cash,899.16,249.77,199.81,249.77,0,50,199.81,149.86,0,374.65,99.91,2472.74,2522.62,Paid
660,61,Female,44,Florida,Corporate,12/26/2024,12/27/2024,12/31/2024,Ironing,11,6.22,Mixed,Customer Pickup,10065.67,12/27/2024,10065.67,Cash,2214.45,503.28,0,0,0,35,0,301.97,0,754.93,201.31,4010.94,6054.73,Paid
661,85,Male,24,Massachusetts,Student,9/12/2022,9/13/2022,9/17/2022,Ironing,28,17.54,Mixed,Customer Pickup,11016.48,9/17/2022,11016.48,Credit Card,2423.63,660.99,0,0,0,50,0,330.49,0,826.24,220.33,4511.68,6504.8,Paid
662,44,Male,37,New York,Student,2/2/2025,2/3/2025,2/7/2025,Laundry,22,13.98,Mixed,Customer Pickup,10033.45,2/3/2025,10033.45,Cash,2207.36,602.01,401.34,501.67,0,50,0,301,0,752.51,200.67,5016.56,5016.89,Paid
663,62,Male,32,North Carolina,Student,8/3/2021,8/4/2021,8/8/2021,Stain Removal,30,10.47,Light,Customer Pickup,1625.17,8/8/2021,1625.17,Cash,292.53,97.51,48.76,32.5,65.01,50,0,48.76,0,121.89,32.5,789.46,835.71,Paid
664,79,Female,50,Vermont,Regular,11/4/2024,11/5/2024,11/9/2024,Ironing,25,13.38,Mixed,Customer Pickup,2599.17,11/4/2024,2599.17,Credit Card,571.82,155.95,0,0,0,50,0,77.98,0,194.94,51.98,1102.67,1496.5,Paid
665,6,Male,31,Pennsylvania,Regular,5/26/2021,5/27/2021,5/31/2021,Laundry,10,8.62,Heavy,Home Delivery,3621.96,5/26/2021,3621.96,Online Payment,941.71,181.1,144.88,181.1,0,20,144.88,108.66,0,271.65,72.44,2066.42,1555.54,Paid
666,95,Male,34,Nevada,Regular,11/7/2024,11/8/2024,11/12/2024,Laundry,28,25.17,Heavy,Home Delivery,7295.39,11/12/2024,7295.39,Cash,1896.8,437.72,291.82,364.77,0,50,291.82,218.86,0,547.15,145.91,4244.85,3050.54,Paid
667,54,Male,32,Pennsylvania,Regular,5/11/2022,5/12/2022,5/16/2022,Laundry,24,12.11,Mixed,Customer Pickup,13922.02,5/16/2022,13922.02,Cash,3062.84,835.32,556.88,696.1,0,50,0,417.66,0,1044.15,278.44,6941.39,6980.63,Paid
668,86,Female,53,District of Columbia,Student,4/7/2025,4/8/2025,4/12/2025,Laundry,13,3.45,Light,Home Delivery,1314.83,4/12/2025,1314.83,Online Payment,236.67,52.59,52.59,65.74,0,35,52.59,39.44,65.74,98.61,26.3,593.79,721.04,Paid
669,65,Male,44,Michigan,Regular,9/29/2021,9/30/2021,10/4/2021,Laundry,10,6.05,Mixed,Home Delivery,7166.54,10/4/2021,7166.54,Cash,1576.64,358.33,286.66,358.33,0,20,286.66,215,358.33,537.49,143.33,3424.11,3742.43,Paid
670,70,Female,42,Georgia,Corporate,11/17/2023,11/18/2023,11/22/2023,Dry Cleaning,22,11.08,Mixed,Home Delivery,10291.3,11/22/2023,10291.3,Cash,2264.09,617.48,0,0,617.48,50,411.65,308.74,0,771.85,205.83,5247.12,5044.18,Paid
671,51,Female,39,California,Corporate,3/27/2025,3/28/2025,4/1/2025,Dry Cleaning,28,14.1,Mixed,Express,11592.94,4/1/2025,11592.94,Cash,2550.45,695.58,0,0,695.58,50,695.58,347.79,0,869.47,231.86,6136.31,5456.63,Paid
672,48,Female,47,Florida,Student,7/1/2024,7/2/2024,7/6/2024,Stain Removal,4,1.02,Light,Customer Pickup,7413.65,7/2/2024,7413.65,Online Payment,1334.46,296.55,222.41,148.27,296.55,20,0,222.41,0,556.02,148.27,3244.94,4168.71,Paid
673,85,Male,24,Massachusetts,Student,8/7/2022,8/8/2022,8/12/2022,Laundry,6,3.13,Mixed,Home Delivery,3056.39,8/7/2022,3056.39,Credit Card,672.41,122.26,122.26,152.82,0,20,122.26,91.69,0,229.23,61.13,1594.06,1462.33,Paid
674,82,Male,32,Florida,Regular,10/18/2021,10/19/2021,10/23/2021,Laundry,29,17.02,Mixed,Customer Pickup,2411.6,10/19/2021,2411.6,Online Payment,530.55,144.7,96.46,120.58,0,50,0,72.35,0,180.87,48.23,1243.74,1167.86,Paid
675,54,Male,32,Pennsylvania,Regular,9/25/2025,9/26/2025,9/30/2025,Ironing,20,11.41,Mixed,Customer Pickup,2433.45,9/30/2025,2433.45,Cash,535.36,146.01,0,0,0,35,0,73,0,182.51,48.67,1020.55,1412.9,Paid
676,21,Male,29,New York,Regular,11/17/2022,11/18/2022,11/22/2022,Ironing,23,7.15,Light,Home Delivery,14467.14,11/22/2022,14467.14,Credit Card,2604.09,723.36,0,0,0,50,578.69,434.01,0,1085.04,289.34,5764.53,8702.61,Paid
677,45,Male,29,Georgia,Regular,7/29/2023,7/30/2023,8/3/2023,Ironing,22,6.92,Light,Customer Pickup,2114.31,7/29/2023,2114.31,Credit Card,380.58,105.72,0,0,0,50,0,63.43,0,158.57,42.29,800.59,1313.72,Paid
678,61,Female,44,Florida,Corporate,6/15/2024,6/16/2024,6/20/2024,Ironing,6,3.36,Mixed,Home Delivery,3341.53,6/20/2024,3341.53,Credit Card,735.14,133.66,0,0,0,20,133.66,100.25,0,250.61,66.83,1440.15,1901.38,Paid
679,70,Female,42,Georgia,Corporate,6/2/2024,6/3/2024,6/7/2024,Laundry,14,11.44,Heavy,Customer Pickup,14951.34,6/2/2024,14951.34,Credit Card,3887.35,897.08,598.05,747.57,0,35,0,448.54,0,1121.35,299.03,8033.97,6917.37,Paid
680,65,Male,44,Michigan,Regular,5/25/2023,5/26/2023,5/30/2023,Mending,27,13.87,Mixed,Customer Pickup,13323.55,5/30/2023,13323.55,Cash,2931.18,799.41,0,0,0,50,0,399.71,0,999.27,266.47,5446.04,7877.51,Paid
681,14,Male,31,Tennessee,Regular,4/6/2025,4/7/2025,4/11/2025,Ironing,8,2.23,Light,Customer Pickup,7577.2,4/7/2025,7577.2,Cash,1363.9,303.09,0,0,0,20,0,227.32,378.86,568.29,151.54,2255.28,5321.92,Paid
682,74,Male,22,Georgia,Regular,3/30/2021,3/31/2021,4/4/2021,Dry Cleaning,8,2.11,Light,Home Delivery,14238.81,4/4/2021,14238.81,Cash,2562.99,569.55,0,0,854.33,20,569.55,427.16,0,1067.91,284.78,6356.27,7882.54,Paid
683,27,Male,34,Kansas,Regular,9/20/2025,9/21/2025,9/25/2025,Laundry,17,18.02,Heavy,Home Delivery,677.71,9/25/2025,677.71,Cash,176.2,40.66,27.11,33.89,0,35,27.11,20.33,0,50.83,13.55,424.68,253.03,Paid
684,12,Female,46,West Virginia,Regular,1/3/2025,1/4/2025,1/8/2025,Laundry,16,10.17,Mixed,Home Delivery,9501.85,1/8/2025,9501.85,Cash,2090.41,570.11,380.07,475.09,0,35,380.07,285.06,0,712.64,190.04,5118.49,4383.36,Paid
685,78,Male,22,Florida,Regular,11/29/2025,11/30/2025,12/4/2025,Laundry,15,9.55,Mixed,Customer Pickup,10420.1,12/4/2025,10420.1,Cash,2292.42,521.01,416.8,521.01,0,35,0,312.6,0,781.51,208.4,5088.75,5331.35,Paid
686,54,Male,32,Pennsylvania,Regular,7/22/2022,7/23/2022,7/27/2022,Laundry,6,2.01,Light,Customer Pickup,10817.49,7/27/2022,10817.49,Cash,1947.15,432.7,432.7,540.87,0,20,0,324.52,0,811.31,216.35,4725.6,6091.89,Paid
687,36,Female,37,Texas,Corporate,10/16/2025,10/17/2025,10/21/2025,Dry Cleaning,17,9.9,Mixed,Home Delivery,8886.21,10/21/2025,8886.21,Cash,1954.97,444.31,0,0,533.17,35,355.45,266.59,0,666.47,177.72,4433.68,4452.53,Paid
688,15,Male,20,Colorado,Student,7/7/2022,7/8/2022,7/12/2022,Laundry,26,22.18,Heavy,Home Delivery,10849.12,7/7/2022,10849.12,Online Payment,2820.77,650.95,433.96,542.46,0,50,433.96,325.47,0,813.68,216.98,6288.23,4560.89,Paid
689,70,Female,42,Georgia,Corporate,2/3/2025,2/4/2025,2/8/2025,Ironing,4,1.09,Light,Customer Pickup,8824.38,2/8/2025,8824.38,Cash,1588.39,352.98,0,0,0,20,0,264.73,0,661.83,176.49,3064.42,5759.96,Paid
690,1,Female,59,North Carolina,Regular,11/22/2022,11/23/2022,11/27/2022,Laundry,15,8.96,Mixed,Home Delivery,4073.81,11/27/2022,4073.81,Online Payment,896.24,203.69,162.95,203.69,0,35,162.95,122.21,0,305.54,81.48,2173.75,1900.06,Paid
691,96,Male,27,Florida,Corporate,6/1/2022,6/2/2022,6/6/2022,Mending,12,11.55,Heavy,Home Delivery,13530.84,6/6/2022,13530.84,Cash,3518.02,811.85,0,0,0,35,541.23,405.93,0,1014.81,270.62,6597.46,6933.38,Paid
692,79,Female,50,Vermont,Regular,4/29/2021,4/30/2021,5/4/2021,Laundry,24,14.75,Mixed,Customer Pickup,14181.58,5/4/2021,14181.58,Cash,3119.95,850.89,567.26,709.08,0,50,0,425.45,0,1063.62,283.63,7069.88,7111.7,Paid
693,3,Male,39,Arizona,Student,12/1/2023,12/2/2023,12/6/2023,Ironing,10,5.28,Mixed,Home Delivery,14684.16,12/6/2023,14684.16,Credit Card,3230.52,734.21,0,0,0,20,587.37,440.52,0,1101.31,293.68,6407.61,8276.55,Paid
694,79,Female,50,Vermont,Regular,2/28/2022,3/1/2022,3/5/2022,Dry Cleaning,27,16.12,Mixed,Customer Pickup,754.94,3/5/2022,754.94,Credit Card,166.09,45.3,0,0,45.3,50,0,22.65,0,56.62,15.1,401.06,353.88,Paid
695,86,Female,53,District of Columbia,Student,2/8/2025,2/9/2025,2/13/2025,Laundry,12,7.22,Mixed,Home Delivery,4504.28,2/8/2025,4504.28,Online Payment,990.94,225.21,180.17,225.21,0,35,180.17,135.13,0,337.82,90.09,2399.74,2104.54,Paid
696,91,Female,50,Indiana,Walk-in,10/29/2024,10/30/2024,11/3/2024,Ironing,5,4.66,Heavy,Home Delivery,11427.01,11/3/2024,11427.01,Cash,2971.02,457.08,0,0,0,20,457.08,342.81,571.35,857.03,228.54,4762.21,6664.8,Paid
697,99,Female,51,Indiana,Student,5/17/2023,5/18/2023,5/22/2023,Stain Removal,12,3.21,Light,Home Delivery,9968.1,5/22/2023,9968.1,Cash,1794.26,398.72,299.04,199.36,398.72,35,398.72,299.04,0,747.61,199.36,4769.83,5198.27,Paid
698,20,Female,46,New York,Student,7/22/2022,7/23/2022,7/27/2022,Dry Cleaning,30,17.43,Mixed,Customer Pickup,14829.18,7/27/2022,14829.18,Cash,3262.42,889.75,0,0,889.75,50,0,444.88,0,1112.19,296.58,6945.57,7883.61,Paid
699,2,Male,41,Utah,Regular,6/5/2022,6/6/2022,6/10/2022,Laundry,29,7.78,Light,Home Delivery,12721.53,6/10/2022,12721.53,Online Payment,2289.88,636.08,508.86,636.08,0,50,508.86,381.65,636.08,954.11,254.43,5583.87,7137.66,Paid
700,51,Female,39,California,Corporate,1/2/2023,1/3/2023,1/7/2023,Dry Cleaning,14,7.63,Mixed,Customer Pickup,3412.02,1/7/2023,3412.02,Credit Card,750.64,170.6,0,0,204.72,35,0,102.36,0,255.9,68.24,1587.46,1824.56,Paid
701,46,Male,31,Texas,Regular,8/31/2021,9/1/2021,9/5/2021,Dry Cleaning,25,8.63,Light,Customer Pickup,8340.52,9/5/2021,8340.52,Cash,1501.29,417.03,0,0,500.43,50,0,250.22,0,625.54,166.81,3511.32,4829.2,Paid
702,80,Male,27,Connecticut,Regular,1/24/2025,1/25/2025,1/29/2025,Dry Cleaning,21,13.19,Mixed,Customer Pickup,3074.2,1/29/2025,3074.2,Cash,676.32,184.45,0,0,184.45,50,0,92.23,0,230.57,61.48,1479.5,1594.7,Paid
703,58,Female,52,Ohio,Student,11/19/2024,11/20/2024,11/24/2024,Stain Removal,26,14.6,Mixed,Home Delivery,2162.87,11/24/2024,2162.87,Cash,475.83,129.77,64.89,43.26,86.51,50,86.51,64.89,0,162.22,43.26,1207.14,955.73,Paid
704,51,Female,39,California,Corporate,10/6/2023,10/7/2023,10/11/2023,Stain Removal,6,3.44,Mixed,Customer Pickup,12305.64,10/7/2023,12305.64,Cash,2707.24,492.23,369.17,246.11,492.23,20,0,369.17,0,922.92,246.11,5865.18,6440.46,Paid
705,79,Female,50,Vermont,Regular,7/6/2022,7/7/2022,7/11/2022,Stain Removal,7,3.74,Mixed,Customer Pickup,1588.38,7/11/2022,1588.38,Cash,349.44,63.54,47.65,31.77,63.54,20,0,47.65,0,119.13,31.77,774.49,813.89,Paid
706,42,Female,52,Nevada,Student,7/29/2023,7/30/2023,8/3/2023,Ironing,13,7.82,Mixed,Home Delivery,8618.37,8/3/2023,8618.37,Cash,1896.04,430.92,0,0,0,35,344.73,258.55,0,646.38,172.37,3783.99,4834.38,Paid
707,75,Male,40,Texas,Student,9/17/2024,9/18/2024,9/22/2024,Laundry,25,8,Light,Home Delivery,5459.66,9/22/2024,5459.66,Cash,982.74,272.98,218.39,272.98,0,50,218.39,163.79,0,409.47,109.19,2697.93,2761.73,Paid
708,46,Male,31,Texas,Regular,5/18/2023,5/19/2023,5/23/2023,Laundry,26,24.4,Heavy,Home Delivery,6936.28,5/23/2023,6936.28,Cash,1803.43,416.18,277.45,346.81,0,50,277.45,208.09,0,520.22,138.73,4038.36,2897.92,Paid
709,6,Male,31,Pennsylvania,Regular,1/7/2025,1/8/2025,1/12/2025,Mending,8,4.25,Mixed,Home Delivery,3492.83,1/12/2025,3492.83,Cash,768.42,139.71,0,0,0,20,139.71,104.78,0,261.96,69.86,1504.44,1988.39,Paid
710,92,Female,37,New York,Regular,11/4/2025,11/5/2025,11/9/2025,Ironing,8,2.54,Light,Express,7444.33,11/9/2025,7444.33,Cash,1339.98,297.77,0,0,0,20,446.66,223.33,0,558.32,148.89,3034.95,4409.38,Paid
711,41,Female,54,California,Corporate,6/22/2024,6/23/2024,6/27/2024,Dry Cleaning,28,17.09,Mixed,Home Delivery,2568.89,6/23/2024,2568.89,Online Payment,565.16,154.13,0,0,154.13,50,102.76,77.07,0,192.67,51.38,1347.3,1221.59,Paid
712,27,Male,34,Kansas,Regular,10/1/2023,10/2/2023,10/6/2023,Ironing,29,17.35,Mixed,Customer Pickup,2594.26,10/2/2023,2594.26,Cash,570.74,155.66,0,0,0,50,0,77.83,0,194.57,51.89,1100.69,1493.57,Paid
713,12,Female,46,West Virginia,Regular,2/22/2025,2/23/2025,2/27/2025,Stain Removal,28,14.3,Mixed,Customer Pickup,6853.34,2/23/2025,6853.34,Cash,1507.73,411.2,205.6,137.07,274.13,50,0,205.6,0,514,137.07,3442.4,3410.94,Paid
714,78,Male,22,Florida,Regular,11/8/2023,11/9/2023,11/13/2023,Laundry,9,5.03,Mixed,Customer Pickup,2566.09,11/13/2023,2566.09,Online Payment,564.54,128.3,102.64,128.3,0,20,0,76.98,0,192.46,51.32,1264.54,1301.55,Paid
715,54,Male,32,Pennsylvania,Regular,5/10/2021,5/11/2021,5/15/2021,Dry Cleaning,22,13.45,Mixed,Customer Pickup,12244.01,5/15/2021,12244.01,Credit Card,2693.68,734.64,0,0,734.64,50,0,367.32,0,918.3,244.88,5743.46,6500.55,Paid
716,36,Female,37,Texas,Corporate,3/2/2023,3/3/2023,3/7/2023,Ironing,28,16.24,Mixed,Customer Pickup,7608.84,3/3/2023,7608.84,Cash,1673.94,456.53,0,0,0,50,0,228.27,0,570.66,152.18,3131.58,4477.26,Paid
717,18,Female,61,Massachusetts,Regular,7/20/2021,7/21/2021,7/25/2021,Stain Removal,30,8.83,Light,Home Delivery,10568.23,7/20/2021,10568.23,Online Payment,1902.28,528.41,317.05,211.36,422.73,50,422.73,317.05,0,792.62,211.36,5175.59,5392.64,Paid
718,80,Male,27,Connecticut,Regular,1/10/2021,1/11/2021,1/15/2021,Laundry,17,5.31,Light,Express,4406.3,1/15/2021,4406.3,Cash,793.13,220.32,176.25,220.32,0,35,264.38,132.19,0,330.47,88.13,2260.19,2146.11,Paid
719,45,Male,29,Georgia,Regular,1/21/2022,1/22/2022,1/26/2022,Laundry,23,7.53,Light,Home Delivery,13906.06,1/26/2022,13906.06,Cash,2503.09,695.3,556.24,695.3,0,50,556.24,417.18,0,1042.95,278.12,6794.42,7111.64,Paid
720,87,Male,34,Ohio,Regular,10/31/2025,11/1/2025,11/5/2025,Laundry,7,4.55,Mixed,Customer Pickup,6975.2,11/5/2025,6975.2,Credit Card,1534.54,279.01,279.01,348.76,0,20,0,209.26,0,523.14,139.5,3333.22,3641.98,Paid
721,99,Female,51,Indiana,Student,5/3/2024,5/4/2024,5/8/2024,Ironing,30,17.98,Mixed,Customer Pickup,12494.87,5/8/2024,12494.87,Cash,2748.87,749.69,0,0,0,50,0,374.85,0,937.12,249.9,5110.43,7384.44,Paid
722,34,Male,31,District of Columbia,Regular,1/25/2023,1/26/2023,1/30/2023,Dry Cleaning,13,7.14,Mixed,Home Delivery,13239.89,1/30/2023,13239.89,Cash,2912.78,661.99,0,0,794.39,35,529.6,397.2,0,992.99,264.8,6588.75,6651.14,Paid
723,73,Female,60,Ohio,Regular,8/29/2024,8/30/2024,9/3/2024,Laundry,2,1.19,Mixed,Customer Pickup,9071.89,8/30/2024,9071.89,Cash,1995.82,362.88,362.88,453.59,0,20,0,272.16,0,680.39,181.44,4329.16,4742.73,Paid
724,64,Male,27,Florida,Regular,1/23/2021,1/24/2021,1/28/2021,Laundry,14,3.86,Light,Customer Pickup,6338.98,1/23/2021,6338.98,Online Payment,1141.02,253.56,253.56,316.95,0,35,0,190.17,0,475.42,126.78,2792.46,3546.52,Paid
725,97,Male,29,Alabama,Corporate,3/9/2024,3/10/2024,3/14/2024,Mending,15,8.26,Mixed,Customer Pickup,13646.73,3/9/2024,13646.73,Online Payment,3002.28,682.34,0,0,0,35,0,409.4,0,1023.5,272.93,5425.45,8221.28,Paid
726,96,Male,27,Florida,Corporate,7/30/2023,7/31/2023,8/4/2023,Stain Removal,13,8.31,Mixed,Home Delivery,12939.94,7/30/2023,12939.94,Online Payment,2846.79,647,388.2,258.8,517.6,35,517.6,388.2,0,970.5,258.8,6828.49,6111.45,Paid
727,86,Female,53,District of Columbia,Student,2/17/2025,2/18/2025,2/22/2025,Laundry,30,17.8,Mixed,Customer Pickup,3087.73,2/22/2025,3087.73,Cash,679.3,185.26,123.51,154.39,0,50,0,92.63,0,231.58,61.75,1578.42,1509.31,Paid
728,41,Female,54,California,Corporate,9/23/2022,9/24/2022,9/28/2022,Laundry,29,26.03,Heavy,Customer Pickup,7159.79,9/24/2022,7159.79,Cash,1861.55,429.59,286.39,357.99,0,50,0,214.79,0,536.98,143.2,3880.49,3279.3,Paid
729,49,Male,29,Alabama,Regular,1/2/2021,1/3/2021,1/7/2021,Ironing,11,3.59,Light,Customer Pickup,1205.07,1/7/2021,1205.07,Credit Card,216.91,48.2,0,0,0,35,0,36.15,0,90.38,24.1,450.74,754.33,Paid
730,20,Female,46,New York,Student,5/27/2021,5/28/2021,6/1/2021,Laundry,10,6.25,Mixed,Customer Pickup,1958.51,5/27/2021,1958.51,Online Payment,430.87,97.93,78.34,97.93,0,20,0,58.76,0,146.89,39.17,969.89,988.62,Paid
731,51,Female,39,California,Corporate,4/24/2021,4/25/2021,4/29/2021,Dry Cleaning,13,8.21,Mixed,Customer Pickup,3286.29,4/29/2021,3286.29,Cash,722.98,164.31,0,0,197.18,35,0,98.59,0,246.47,65.73,1530.26,1756.03,Paid
732,94,Male,32,Iowa,Regular,5/25/2024,5/26/2024,5/30/2024,Ironing,28,9.51,Light,Customer Pickup,6497.77,5/30/2024,6497.77,Online Payment,1169.6,324.89,0,0,0,50,0,194.93,0,487.33,129.96,2356.71,4141.06,Paid
733,17,Male,44,Illinois,Student,2/3/2022,2/4/2022,2/8/2022,Dry Cleaning,14,8.77,Mixed,Customer Pickup,12283.62,2/8/2022,12283.62,Cash,2702.4,614.18,0,0,737.02,35,0,368.51,0,921.27,245.67,5624.05,6659.57,Paid
734,5,Male,29,Texas,Student,12/8/2023,12/9/2023,12/13/2023,Dry Cleaning,29,8.75,Light,Customer Pickup,6587.21,12/13/2023,6587.21,Online Payment,1185.7,329.36,0,0,395.23,50,0,197.62,0,494.04,131.74,2783.69,3803.52,Paid
735,71,Male,39,Iowa,Regular,9/1/2025,9/2/2025,9/6/2025,Laundry,10,5.09,Mixed,Customer Pickup,3057.91,9/1/2025,3057.91,Online Payment,672.74,152.9,122.32,152.9,0,20,0,91.74,0,229.34,61.16,1503.1,1554.81,Paid
736,41,Female,54,California,Corporate,12/24/2022,12/25/2022,12/29/2022,Ironing,2,1.23,Mixed,Customer Pickup,8674.99,12/24/2022,8674.99,Online Payment,1908.5,347,0,0,0,20,0,260.25,433.75,650.62,173.5,2926.12,5748.87,Paid
737,89,Female,35,Texas,Student,7/31/2025,8/1/2025,8/5/2025,Ironing,20,6.23,Light,Home Delivery,13718.76,8/1/2025,13718.76,Online Payment,2469.38,685.94,0,0,0,35,548.75,411.56,0,1028.91,274.38,5453.92,8264.84,Paid
738,24,Female,47,District of Columbia,Regular,4/13/2023,4/14/2023,4/18/2023,Laundry,5,1.65,Light,Customer Pickup,14669.76,4/18/2023,14669.76,Online Payment,2640.56,586.79,586.79,733.49,0,20,0,440.09,733.49,1100.23,293.4,5667.86,9001.9,Paid
739,53,Female,44,Virginia,Student,11/8/2024,11/9/2024,11/13/2024,Laundry,15,7.86,Mixed,Customer Pickup,1957.04,11/13/2024,1957.04,Cash,430.55,97.85,78.28,97.85,0,35,0,58.71,0,146.78,39.14,984.16,972.88,Paid
740,94,Male,32,Iowa,Regular,7/17/2024,7/18/2024,7/22/2024,Laundry,30,16.77,Mixed,Customer Pickup,6842.47,7/22/2024,6842.47,Cash,1505.34,410.55,273.7,342.12,0,50,0,205.27,0,513.19,136.85,3437.02,3405.45,Paid
741,8,Male,26,South Carolina,Corporate,12/30/2024,12/31/2024,1/4/2025,Stain Removal,20,5.97,Light,Express,11312.41,12/31/2024,11312.41,Cash,2036.23,565.62,339.37,226.25,452.5,35,678.74,339.37,0,848.43,226.25,5747.76,5564.65,Paid
742,57,Female,45,California,Regular,5/1/2024,5/2/2024,5/6/2024,Mending,4,2.15,Mixed,Customer Pickup,5432.25,5/6/2024,5432.25,Cash,1195.1,217.29,0,0,0,20,0,162.97,271.61,407.42,108.65,1839.82,3592.43,Paid
743,62,Male,32,North Carolina,Student,3/15/2021,3/16/2021,3/20/2021,Dry Cleaning,14,8.68,Mixed,Customer Pickup,3416.56,3/20/2021,3416.56,Cash,751.64,170.83,0,0,204.99,35,0,102.5,0,256.24,68.33,1589.53,1827.03,Paid
744,38,Male,22,New York,Student,9/30/2023,10/1/2023,10/5/2023,Dry Cleaning,29,25.29,Heavy,Customer Pickup,6061.14,10/1/2023,6061.14,Cash,1575.9,363.67,0,0,363.67,50,0,181.83,0,454.59,121.22,3110.88,2950.26,Paid
745,3,Male,39,Arizona,Student,11/25/2022,11/26/2022,11/30/2022,Stain Removal,11,6.83,Mixed,Customer Pickup,2591.28,11/30/2022,2591.28,Cash,570.08,129.56,77.74,51.83,103.65,35,0,77.74,0,194.35,51.83,1291.78,1299.5,Paid
746,3,Male,39,Arizona,Student,10/23/2024,10/24/2024,10/28/2024,Laundry,17,9.25,Mixed,Home Delivery,12140.92,10/28/2024,12140.92,Cash,2671,607.05,485.64,607.05,0,35,485.64,364.23,0,910.57,242.82,6409,5731.92,Paid
747,2,Male,41,Utah,Regular,8/17/2021,8/18/2021,8/22/2021,Laundry,5,2.55,Mixed,Home Delivery,14408.68,8/18/2021,14408.68,Online Payment,3169.91,576.35,576.35,720.43,0,20,576.35,432.26,0,1080.65,288.17,7440.47,6968.21,Paid
748,4,Male,26,Washington,Regular,11/14/2024,11/15/2024,11/19/2024,Dry Cleaning,8,4.54,Mixed,Customer Pickup,14227.92,11/19/2024,14227.92,Cash,3130.14,569.12,0,0,853.68,20,0,426.84,0,1067.09,284.56,6351.43,7876.49,Paid
749,11,Female,49,Kentucky,Regular,12/12/2022,12/13/2022,12/17/2022,Ironing,22,11.2,Mixed,Customer Pickup,5352.47,12/13/2022,5352.47,Cash,1177.54,321.15,0,0,0,50,0,160.57,0,401.44,107.05,2217.75,3134.72,Paid
750,42,Female,52,Nevada,Student,9/7/2024,9/8/2024,9/12/2024,Dry Cleaning,18,11.57,Mixed,Customer Pickup,12119.09,9/8/2024,12119.09,Cash,2666.2,727.15,0,0,727.15,35,0,363.57,0,908.93,242.38,5670.38,6448.71,Paid
751,79,Female,50,Vermont,Regular,12/16/2022,12/17/2022,12/21/2022,Stain Removal,28,8.59,Light,Customer Pickup,7929.2,12/21/2022,7929.2,Online Payment,1427.26,396.46,237.88,158.58,317.17,50,0,237.88,0,594.69,158.58,3578.5,4350.7,Paid
752,68,Male,19,Oklahoma,Walk-in,5/9/2025,5/10/2025,5/14/2025,Dry Cleaning,24,15.54,Mixed,Customer Pickup,7116.4,5/10/2025,7116.4,Cash,1565.61,426.98,0,0,426.98,50,0,213.49,0,533.73,142.33,3359.12,3757.28,Paid
753,1,Female,59,North Carolina,Regular,6/8/2023,6/9/2023,6/13/2023,Laundry,23,6.23,Light,Home Delivery,5132.07,6/13/2023,5132.07,Cash,923.77,256.6,205.28,256.6,0,50,205.28,153.96,0,384.91,102.64,2539.04,2593.03,Paid
754,3,Male,39,Arizona,Student,1/20/2022,1/21/2022,1/25/2022,Laundry,10,8.32,Heavy,Home Delivery,4784.45,1/25/2022,4784.45,Cash,1243.96,239.22,191.38,239.22,0,20,191.38,143.53,0,358.83,95.69,2723.21,2061.24,Paid
755,11,Female,49,Kentucky,Regular,4/6/2025,4/7/2025,4/11/2025,Laundry,30,19.06,Mixed,Customer Pickup,5238.15,4/7/2025,5238.15,Cash,1152.39,314.29,209.53,261.91,0,50,0,157.14,0,392.86,104.76,2642.88,2595.27,Paid
756,44,Male,37,New York,Student,3/5/2022,3/6/2022,3/10/2022,Laundry,17,4.58,Light,Home Delivery,2452.97,3/10/2022,2452.97,Cash,441.53,98.12,98.12,122.65,0,35,98.12,73.59,0,183.97,49.06,1200.16,1252.81,Paid
757,87,Male,34,Ohio,Regular,5/23/2021,5/24/2021,5/28/2021,Ironing,25,6.9,Light,Home Delivery,1324.95,5/28/2021,1324.95,Online Payment,238.49,66.25,0,0,0,50,53,39.75,0,99.37,26.5,573.36,751.59,Paid
758,2,Male,41,Utah,Regular,9/24/2024,9/25/2024,9/29/2024,Dry Cleaning,23,7.41,Light,Customer Pickup,6079.9,9/25/2024,6079.9,Online Payment,1094.38,304,0,0,364.79,50,0,182.4,0,455.99,121.6,2573.16,3506.74,Paid
759,49,Male,29,Alabama,Regular,8/28/2025,8/29/2025,9/2/2025,Ironing,26,8.66,Light,Customer Pickup,11093.45,8/29/2025,11093.45,Online Payment,1996.82,554.67,0,0,0,50,0,332.8,0,832.01,221.87,3988.17,7105.28,Paid
760,40,Male,37,Minnesota,Regular,8/12/2025,8/13/2025,8/17/2025,Stain Removal,16,10.36,Mixed,Customer Pickup,14629.25,8/17/2025,14629.25,Cash,3218.44,877.76,438.88,292.59,585.17,35,0,438.88,0,1097.19,292.59,7276.5,7352.75,Paid
761,51,Female,39,California,Corporate,1/23/2022,1/24/2022,1/28/2022,Laundry,17,9.6,Mixed,Customer Pickup,12501.84,1/28/2022,12501.84,Cash,2750.4,625.09,500.07,625.09,0,35,0,375.06,0,937.64,250.04,6098.39,6403.45,Paid
762,36,Female,37,Texas,Corporate,2/9/2022,2/10/2022,2/14/2022,Mending,27,23.3,Heavy,Customer Pickup,6934.11,2/14/2022,6934.11,Cash,1802.87,416.05,0,0,0,50,0,208.02,0,520.06,138.68,3135.68,3798.43,Paid
763,26,Male,31,Texas,Student,5/21/2021,5/22/2021,5/26/2021,Laundry,25,15.32,Mixed,Home Delivery,2665.9,5/21/2021,2665.9,Online Payment,586.5,159.95,106.64,133.3,0,50,106.64,79.98,133.3,199.94,53.32,1342.97,1322.93,Paid
764,21,Male,29,New York,Regular,11/10/2022,11/11/2022,11/15/2022,Dry Cleaning,30,7.87,Light,Customer Pickup,12098.24,11/10/2022,12098.24,Online Payment,2177.68,604.91,0,0,725.89,50,0,362.95,0,907.37,241.96,5070.76,7027.48,Paid
765,27,Male,34,Kansas,Regular,12/17/2024,12/18/2024,12/22/2024,Ironing,19,5.45,Light,Express,12461.08,12/18/2024,12461.08,Online Payment,2242.99,623.05,0,0,0,35,747.66,373.83,0,934.58,249.22,5206.33,7254.75,Paid
766,71,Male,39,Iowa,Regular,5/21/2023,5/22/2023,5/26/2023,Stain Removal,27,15.45,Mixed,Customer Pickup,14391.68,5/26/2023,14391.68,Credit Card,3166.17,863.5,431.75,287.83,575.67,50,0,431.75,719.58,1079.38,287.83,6454.3,7937.38,Paid
767,74,Male,22,Georgia,Regular,6/1/2025,6/2/2025,6/6/2025,Ironing,6,3.26,Mixed,Home Delivery,9888.06,6/6/2025,9888.06,Cash,2175.37,395.52,0,0,0,20,395.52,296.64,0,741.6,197.76,4222.41,5665.65,Paid
768,55,Male,21,New York,Student,2/12/2022,2/13/2022,2/17/2022,Laundry,27,13.55,Mixed,Home Delivery,7058.13,2/17/2022,7058.13,Credit Card,1552.79,423.49,282.33,352.91,0,50,282.33,211.74,0,529.36,141.16,3826.11,3232.02,Paid
769,53,Female,44,Virginia,Student,8/1/2021,8/2/2021,8/6/2021,Dry Cleaning,9,4.76,Mixed,Customer Pickup,997.96,8/6/2021,997.96,Cash,219.55,39.92,0,0,59.88,20,0,29.94,0,74.85,19.96,464.1,533.86,Paid
770,98,Male,42,District of Columbia,Regular,9/14/2025,9/15/2025,9/19/2025,Laundry,27,17.23,Mixed,Customer Pickup,8750.06,9/19/2025,8750.06,Cash,1925.01,525,350,437.5,0,50,0,262.5,0,656.25,175,4381.26,4368.8,Paid
771,31,Male,39,New York,Student,1/1/2021,1/2/2021,1/6/2021,Laundry,21,10.58,Mixed,Home Delivery,5839.04,1/6/2021,5839.04,Online Payment,1284.59,350.34,233.56,291.95,0,50,233.56,175.17,0,437.93,116.78,3173.88,2665.16,Paid
772,60,Male,19,Georgia,Corporate,6/25/2024,6/26/2024,6/30/2024,Laundry,27,14.97,Mixed,Customer Pickup,9966.38,6/30/2024,9966.38,Cash,2192.6,597.98,398.66,498.32,0,50,0,298.99,0,747.48,199.33,4983.36,4983.02,Paid
773,6,Male,31,Pennsylvania,Regular,9/20/2022,9/21/2022,9/25/2022,Ironing,29,9.41,Light,Customer Pickup,9911.05,9/25/2022,9911.05,Cash,1783.99,495.55,0,0,0,50,0,297.33,0,743.33,198.22,3568.42,6342.63,Paid
774,52,Female,47,Indiana,Regular,3/7/2021,3/8/2021,3/12/2021,Laundry,13,7.73,Mixed,Home Delivery,12273.49,3/7/2021,12273.49,Online Payment,2700.17,613.67,490.94,613.67,0,35,490.94,368.2,613.67,920.51,245.47,5864.9,6408.59,Paid
775,40,Male,37,Minnesota,Regular,10/21/2022,10/22/2022,10/26/2022,Laundry,10,6.4,Mixed,Customer Pickup,7788.84,10/26/2022,7788.84,Cash,1713.54,389.44,311.55,389.44,0,20,0,233.67,0,584.16,155.78,3797.58,3991.26,Paid
776,43,Male,34,California,Regular,10/9/2023,10/10/2023,10/14/2023,Dry Cleaning,29,9.44,Light,Customer Pickup,5283.44,10/14/2023,5283.44,Cash,951.02,264.17,0,0,317.01,50,0,158.5,0,396.26,105.67,2242.63,3040.81,Paid
777,97,Male,29,Alabama,Corporate,3/4/2025,3/5/2025,3/9/2025,Ironing,9,9.84,Heavy,Customer Pickup,13292.92,3/4/2025,13292.92,Online Payment,3456.16,664.65,0,0,0,20,0,398.79,0,996.97,265.86,5802.43,7490.49,Paid
778,55,Male,21,New York,Student,8/27/2022,8/28/2022,9/1/2022,Laundry,16,9.5,Mixed,Home Delivery,4890.31,9/1/2022,4890.31,Cash,1075.87,244.52,195.61,244.52,0,35,195.61,146.71,244.52,366.77,97.81,2357.9,2532.41,Paid
779,81,Male,35,Florida,Regular,10/25/2022,10/26/2022,10/30/2022,Stain Removal,24,12.69,Mixed,Customer Pickup,3850.66,10/30/2022,3850.66,Credit Card,847.15,231.04,115.52,77.01,154.03,50,0,115.52,0,288.8,77.01,1956.08,1894.58,Paid
780,41,Female,54,California,Corporate,8/6/2021,8/7/2021,8/11/2021,Stain Removal,21,17.34,Heavy,Customer Pickup,2191.12,8/11/2021,2191.12,Cash,569.69,131.47,65.73,43.82,87.64,50,0,65.73,0,164.33,43.82,1222.23,968.89,Paid
781,62,Male,32,North Carolina,Student,4/29/2025,4/30/2025,5/4/2025,Ironing,22,7.38,Light,Customer Pickup,11578.21,5/4/2025,11578.21,Cash,2084.08,578.91,0,0,0,50,0,347.35,0,868.37,231.56,4160.27,7417.94,Paid
782,84,Female,58,Colorado,Walk-in,5/4/2023,5/5/2023,5/9/2023,Laundry,6,3.01,Mixed,Customer Pickup,10607.35,5/5/2023,10607.35,Cash,2333.62,424.29,424.29,530.37,0,20,0,318.22,530.37,795.55,212.15,4528.12,6079.23,Paid
783,36,Female,37,Texas,Corporate,7/10/2024,7/11/2024,7/15/2024,Laundry,3,1.73,Mixed,Customer Pickup,9819.86,7/10/2024,9819.86,Online Payment,2160.37,392.79,392.79,490.99,0,20,0,294.6,0,736.49,196.4,4684.43,5135.43,Paid
784,26,Male,31,Texas,Student,9/1/2022,9/2/2022,9/6/2022,Laundry,6,3.45,Mixed,Customer Pickup,8197.82,9/6/2022,8197.82,Cash,1803.52,327.91,327.91,409.89,0,20,0,245.93,0,614.84,163.96,3913.96,4283.86,Paid
785,20,Female,46,New York,Student,4/9/2024,4/10/2024,4/14/2024,Laundry,17,5.88,Light,Customer Pickup,13532.86,4/14/2024,13532.86,Cash,2435.91,676.64,541.31,676.64,0,35,0,405.99,0,1014.96,270.66,6057.11,7475.75,Paid
786,23,Male,34,California,Student,4/21/2025,4/22/2025,4/26/2025,Laundry,9,4.9,Mixed,Home Delivery,12821.64,4/26/2025,12821.64,Online Payment,2820.76,512.87,512.87,641.08,0,20,512.87,384.65,641.08,961.62,256.43,5982.07,6839.57,Paid
787,55,Male,21,New York,Student,8/11/2021,8/12/2021,8/16/2021,Ironing,12,7.11,Mixed,Home Delivery,861.36,8/12/2021,861.36,Cash,189.5,43.07,0,0,0,35,34.45,25.84,0,64.6,17.23,409.69,451.67,Paid
788,7,Female,64,New Mexico,Regular,9/14/2024,9/15/2024,9/19/2024,Mending,24,6.44,Light,Home Delivery,13290.1,9/19/2024,13290.1,Credit Card,2392.22,664.51,0,0,0,50,531.6,398.7,0,996.76,265.8,5299.59,7990.51,Paid
789,68,Male,19,Oklahoma,Walk-in,1/25/2021,1/26/2021,1/30/2021,Ironing,10,2.58,Light,Customer Pickup,2440.24,1/30/2021,2440.24,Cash,439.24,97.61,0,0,0,20,0,73.21,0,183.02,48.8,861.88,1578.36,Paid
790,19,Male,20,Georgia,Student,4/30/2023,5/1/2023,5/5/2023,Laundry,17,5.67,Light,Home Delivery,5637.88,5/1/2023,5637.88,Cash,1014.82,281.89,225.52,281.89,0,35,225.52,169.14,0,422.84,112.76,2769.38,2868.5,Paid
791,92,Female,37,New York,Regular,11/26/2025,11/27/2025,12/1/2025,Laundry,2,0.69,Light,Customer Pickup,2604.6,12/1/2025,2604.6,Online Payment,468.83,104.18,104.18,130.23,0,20,0,78.14,0,195.35,52.09,1153,1451.6,Paid
792,99,Female,51,Indiana,Student,2/25/2021,2/26/2021,3/2/2021,Mending,20,10.67,Mixed,Customer Pickup,8049.79,3/2/2021,8049.79,Online Payment,1770.95,482.99,0,0,0,35,0,241.49,402.49,603.73,161,2892.67,5157.12,Paid
793,22,Female,51,Pennsylvania,Regular,3/20/2025,3/21/2025,3/25/2025,Ironing,19,5.28,Light,Customer Pickup,4062.24,3/25/2025,4062.24,Credit Card,731.2,203.11,0,0,0,35,0,121.87,0,304.67,81.24,1477.09,2585.15,Paid
794,9,Female,54,New York,Regular,11/12/2022,11/13/2022,11/17/2022,Laundry,22,7.1,Light,Customer Pickup,13188.83,11/17/2022,13188.83,Cash,2373.99,659.44,527.55,659.44,0,50,0,395.66,0,989.16,263.78,5919.02,7269.81,Paid
795,82,Male,32,Florida,Regular,4/27/2025,4/28/2025,5/2/2025,Laundry,9,5.57,Mixed,Home Delivery,1735.33,4/28/2025,1735.33,Online Payment,381.77,86.77,69.41,86.77,0,20,69.41,52.06,0,130.15,34.71,931.05,804.28,Paid
796,81,Male,35,Florida,Regular,4/28/2023,4/29/2023,5/3/2023,Laundry,25,8.2,Light,Home Delivery,13217.65,5/3/2023,13217.65,Cash,2379.18,660.88,528.71,660.88,0,50,528.71,396.53,0,991.32,264.35,6460.56,6757.09,Paid
797,57,Female,45,California,Regular,10/15/2022,10/16/2022,10/20/2022,Laundry,9,2.73,Light,Home Delivery,5216.51,10/16/2022,5216.51,Cash,938.97,208.66,208.66,260.83,0,20,208.66,156.5,0,391.24,104.33,2497.85,2718.66,Paid
798,43,Male,34,California,Regular,10/26/2022,10/27/2022,10/31/2022,Laundry,22,6.19,Light,Customer Pickup,6659.02,10/31/2022,6659.02,Cash,1198.62,332.95,266.36,332.95,0,50,0,199.77,0,499.43,133.18,3013.26,3645.76,Paid
799,44,Male,37,New York,Student,7/1/2022,7/2/2022,7/6/2022,Mending,30,19.37,Mixed,Home Delivery,2092.28,7/6/2022,2092.28,Online Payment,460.3,125.54,0,0,0,50,83.69,62.77,0,156.92,41.85,981.07,1111.21,Paid
800,90,Male,42,North Carolina,Corporate,9/12/2024,9/13/2024,9/17/2024,Laundry,24,8.2,Light,Express,13321.66,9/17/2024,13321.66,Online Payment,2397.9,666.08,532.87,666.08,0,50,799.3,399.65,0,999.12,266.43,6777.43,6544.23,Paid
801,17,Male,44,Illinois,Student,12/7/2021,12/8/2021,12/12/2021,Laundry,12,11.99,Heavy,Home Delivery,7140.44,12/12/2021,7140.44,Cash,1856.51,428.43,285.62,357.02,0,35,285.62,214.21,0,535.53,142.81,4140.75,2999.69,Paid
802,14,Male,31,Tennessee,Regular,1/16/2022,1/17/2022,1/21/2022,Dry Cleaning,18,5.54,Light,Home Delivery,641.69,1/21/2022,641.69,Credit Card,115.5,32.08,0,0,38.5,35,25.67,19.25,0,48.13,12.83,326.96,314.73,Paid
803,17,Male,44,Illinois,Student,10/23/2022,10/24/2022,10/28/2022,Laundry,15,9.49,Mixed,Home Delivery,14068.7,10/24/2022,14068.7,Cash,3095.11,703.44,562.75,703.44,0,35,562.75,422.06,0,1055.15,281.37,7421.07,6647.63,Paid
804,44,Male,37,New York,Student,4/28/2022,4/29/2022,5/3/2022,Dry Cleaning,4,2.42,Mixed,Customer Pickup,8584.88,4/28/2022,8584.88,Credit Card,1888.67,343.4,0,0,515.09,20,0,257.55,0,643.87,171.7,3840.28,4744.6,Paid
805,70,Female,42,Georgia,Corporate,5/13/2023,5/14/2023,5/18/2023,Dry Cleaning,2,1.26,Mixed,Home Delivery,6108.12,5/18/2023,6108.12,Online Payment,1343.79,244.32,0,0,366.49,20,244.32,183.24,0,458.11,122.16,2982.43,3125.69,Paid
806,15,Male,20,Colorado,Student,6/2/2024,6/3/2024,6/7/2024,Laundry,30,15.77,Mixed,Customer Pickup,2747.59,6/7/2024,2747.59,Credit Card,604.47,164.86,109.9,137.38,0,50,0,82.43,0,206.07,54.95,1410.06,1337.53,Paid
807,65,Male,44,Michigan,Regular,1/21/2021,1/22/2021,1/26/2021,Ironing,11,5.98,Mixed,Customer Pickup,1450.95,1/26/2021,1450.95,Cash,319.21,72.55,0,0,0,35,0,43.53,0,108.82,29.02,608.13,842.82,Paid
808,78,Male,22,Florida,Regular,8/18/2025,8/19/2025,8/23/2025,Ironing,21,22.73,Heavy,Customer Pickup,4492.45,8/18/2025,4492.45,Online Payment,1168.04,269.55,0,0,0,50,0,134.77,224.62,336.93,89.85,1824.52,2667.93,Paid
809,95,Male,34,Nevada,Regular,4/1/2023,4/2/2023,4/6/2023,Laundry,3,1.88,Mixed,Home Delivery,11947.63,4/6/2023,11947.63,Cash,2628.48,477.91,477.91,597.38,0,20,477.91,358.43,0,896.07,238.95,6173.04,5774.59,Paid
810,41,Female,54,California,Corporate,2/19/2023,2/20/2023,2/24/2023,Laundry,11,6.07,Mixed,Customer Pickup,2493.36,2/20/2023,2493.36,Online Payment,548.54,124.67,99.73,124.67,0,35,0,74.8,0,187,49.87,1244.28,1249.08,Paid
811,17,Male,44,Illinois,Student,12/18/2025,12/19/2025,12/23/2025,Laundry,18,4.9,Light,Customer Pickup,3937.93,12/23/2025,3937.93,Cash,708.83,157.52,157.52,196.9,0,35,0,118.14,196.9,295.34,78.76,1551.11,2386.82,Paid
812,65,Male,44,Michigan,Regular,7/22/2025,7/23/2025,7/27/2025,Dry Cleaning,20,10.23,Mixed,Customer Pickup,5253.37,7/27/2025,5253.37,Cash,1155.74,315.2,0,0,315.2,35,0,157.6,0,394,105.07,2477.81,2775.56,Paid
813,72,Female,58,New Mexico,Student,7/22/2023,7/23/2023,7/27/2023,Laundry,30,9.64,Light,Customer Pickup,9532.9,7/22/2023,9532.9,Online Payment,1715.92,476.65,381.32,476.65,0,50,0,285.99,476.65,714.97,190.66,3815.51,5717.39,Paid
814,65,Male,44,Michigan,Regular,12/3/2025,12/4/2025,12/8/2025,Ironing,11,6.06,Mixed,Home Delivery,3730.69,12/8/2025,3730.69,Cash,820.75,186.53,0,0,0,35,149.23,111.92,0,279.8,74.61,1657.84,2072.85,Paid
815,10,Male,22,New Jersey,Regular,1/29/2022,1/30/2022,2/3/2022,Laundry,23,13.4,Mixed,Customer Pickup,577.55,2/3/2022,577.55,Credit Card,127.06,34.65,23.1,28.88,0,50,0,17.33,28.88,43.32,11.55,307.01,270.54,Paid
816,52,Female,47,Indiana,Regular,1/19/2023,1/20/2023,1/24/2023,Ironing,23,14.04,Mixed,Customer Pickup,2924.41,1/24/2023,2924.41,Online Payment,643.37,175.46,0,0,0,50,0,87.73,0,219.33,58.49,1234.38,1690.03,Paid
817,30,Male,31,Texas,Student,8/26/2022,8/27/2022,8/31/2022,Dry Cleaning,5,2.52,Mixed,Customer Pickup,1459.77,8/31/2022,1459.77,Cash,321.15,58.39,0,0,87.59,20,0,43.79,0,109.48,29.2,669.6,790.17,Paid
818,96,Male,27,Florida,Corporate,5/26/2022,5/27/2022,5/31/2022,Laundry,15,16.22,Heavy,Customer Pickup,14929.58,5/31/2022,14929.58,Cash,3881.69,895.77,597.18,746.48,0,35,0,447.89,0,1119.72,298.59,8022.32,6907.26,Paid
819,87,Male,34,Ohio,Regular,4/28/2025,4/29/2025,5/3/2025,Dry Cleaning,2,0.62,Light,Home Delivery,841.3,5/3/2025,841.3,Online Payment,151.43,33.65,0,0,50.48,20,33.65,25.24,0,63.1,16.83,394.38,446.92,Paid
820,48,Female,47,Florida,Student,10/10/2023,10/11/2023,10/15/2023,Laundry,6,3.18,Mixed,Customer Pickup,8397.54,10/15/2023,8397.54,Online Payment,1847.46,335.9,335.9,419.88,0,20,0,251.93,0,629.82,167.95,4008.84,4388.7,Paid
821,76,Male,37,Iowa,Student,6/6/2022,6/7/2022,6/11/2022,Laundry,11,5.83,Mixed,Customer Pickup,13224.78,6/11/2022,13224.78,Cash,2909.45,661.24,528.99,661.24,0,35,0,396.74,0,991.86,264.5,6449.02,6775.76,Paid
822,38,Male,22,New York,Student,12/15/2021,12/16/2021,12/20/2021,Mending,25,13.93,Mixed,Customer Pickup,13768.09,12/15/2021,13768.09,Online Payment,3028.98,826.09,0,0,0,50,0,413.04,0,1032.61,275.36,5626.08,8142.01,Paid
823,60,Male,19,Georgia,Corporate,4/18/2023,4/19/2023,4/23/2023,Laundry,15,8.21,Mixed,Customer Pickup,13193.29,4/23/2023,13193.29,Cash,2902.52,659.66,527.73,659.66,0,35,0,395.8,0,989.5,263.87,6433.74,6759.55,Paid
824,86,Female,53,District of Columbia,Student,7/24/2025,7/25/2025,7/29/2025,Dry Cleaning,9,5.08,Mixed,Customer Pickup,10676.17,7/25/2025,10676.17,Online Payment,2348.76,533.81,0,0,640.57,20,0,320.29,0,800.71,213.52,4877.66,5798.51,Paid
825,51,Female,39,California,Corporate,8/25/2024,8/26/2024,8/30/2024,Laundry,11,5.85,Mixed,Home Delivery,3585.03,8/25/2024,3585.03,Online Payment,788.71,179.25,143.4,179.25,0,35,143.4,107.55,0,268.88,71.7,1917.14,1667.89,Paid
826,96,Male,27,Florida,Corporate,10/17/2024,10/18/2024,10/22/2024,Ironing,4,2.46,Mixed,Home Delivery,2353.76,10/22/2024,2353.76,Cash,517.83,94.15,0,0,0,20,94.15,70.61,0,176.53,47.08,1020.35,1333.41,Paid
827,28,Male,36,Oregon,Regular,12/16/2024,12/17/2024,12/21/2024,Laundry,10,5.31,Mixed,Customer Pickup,11871.44,12/21/2024,11871.44,Credit Card,2611.72,593.57,474.86,593.57,0,20,0,356.14,0,890.36,237.43,5777.65,6093.79,Paid
828,50,Male,42,Maryland,Regular,6/3/2023,6/4/2023,6/8/2023,Dry Cleaning,5,1.62,Light,Customer Pickup,7157.81,6/8/2023,7157.81,Online Payment,1288.41,286.31,0,0,429.47,20,0,214.73,0,536.84,143.16,2918.92,4238.89,Paid
829,64,Male,27,Florida,Regular,5/10/2021,5/11/2021,5/15/2021,Dry Cleaning,19,4.87,Light,Customer Pickup,11490.68,5/10/2021,11490.68,Online Payment,2068.32,459.63,0,0,689.44,35,0,344.72,0,861.8,229.81,4688.72,6801.96,Paid
830,70,Female,42,Georgia,Corporate,2/14/2024,2/15/2024,2/19/2024,Laundry,11,9.1,Heavy,Home Delivery,3734.12,2/19/2024,3734.12,Cash,970.87,186.71,149.36,186.71,0,35,149.36,112.02,0,280.06,74.68,2144.77,1589.35,Paid
831,58,Female,52,Ohio,Student,2/16/2024,2/17/2024,2/21/2024,Dry Cleaning,27,14.58,Mixed,Home Delivery,9837.74,2/21/2024,9837.74,Online Payment,2164.3,590.26,0,0,590.26,50,393.51,295.13,0,737.83,196.75,5018.04,4819.7,Paid
832,80,Male,27,Connecticut,Regular,10/21/2025,10/22/2025,10/26/2025,Dry Cleaning,23,5.9,Light,Customer Pickup,4713.96,10/26/2025,4713.96,Online Payment,848.51,235.7,0,0,282.84,50,0,141.42,0,353.55,94.28,2006.3,2707.66,Paid
833,24,Female,47,District of Columbia,Regular,7/26/2023,7/27/2023,7/31/2023,Laundry,22,12.72,Mixed,Home Delivery,11249.91,7/31/2023,11249.91,Online Payment,2474.98,674.99,450,562.5,0,50,450,337.5,0,843.74,225,6068.71,5181.2,Paid
834,82,Male,32,Florida,Regular,10/10/2021,10/11/2021,10/15/2021,Dry Cleaning,3,1.69,Mixed,Customer Pickup,11909.28,10/15/2021,11909.28,Cash,2620.04,476.37,0,0,714.56,20,0,357.28,0,893.2,238.19,5319.64,6589.64,Paid
835,36,Female,37,Texas,Corporate,8/28/2022,8/29/2022,9/2/2022,Laundry,3,1.74,Mixed,Home Delivery,13546.15,8/28/2022,13546.15,Online Payment,2980.15,541.85,541.85,677.31,0,20,541.85,406.38,0,1015.96,270.92,6996.27,6549.88,Paid
836,34,Male,31,District of Columbia,Regular,2/4/2025,2/5/2025,2/9/2025,Stain Removal,13,7.25,Mixed,Home Delivery,11424.6,2/4/2025,11424.6,Online Payment,2513.41,571.23,342.74,228.49,456.98,35,456.98,342.74,571.23,856.85,228.49,5461.68,5962.92,Paid
837,59,Male,34,New York,Student,7/18/2025,7/19/2025,7/23/2025,Ironing,16,14.38,Heavy,Home Delivery,11948.85,7/23/2025,11948.85,Credit Card,3106.7,716.93,0,0,0,35,477.95,358.47,0,896.16,238.98,5830.19,6118.66,Paid
838,96,Male,27,Florida,Corporate,3/8/2023,3/9/2023,3/13/2023,Ironing,3,0.9,Light,Customer Pickup,13848.29,3/13/2023,13848.29,Cash,2492.69,553.93,0,0,0,20,0,415.45,0,1038.62,276.97,4797.66,9050.63,Paid
839,2,Male,41,Utah,Regular,2/8/2021,2/9/2021,2/13/2021,Dry Cleaning,15,4.5,Light,Customer Pickup,510.12,2/13/2021,510.12,Cash,91.82,20.4,0,0,30.61,35,0,15.3,0,38.26,10.2,241.59,268.53,Paid
840,21,Male,29,New York,Regular,5/3/2025,5/4/2025,5/8/2025,Laundry,25,6.28,Light,Customer Pickup,5866.17,5/8/2025,5866.17,Cash,1055.91,293.31,234.65,293.31,0,50,0,175.99,0,439.96,117.32,2660.45,3205.72,Paid
841,97,Male,29,Alabama,Corporate,10/7/2025,10/8/2025,10/12/2025,Stain Removal,29,16.92,Mixed,Customer Pickup,6250.04,10/8/2025,6250.04,Online Payment,1375.01,375,187.5,125,250,50,0,187.5,0,468.75,125,3143.76,3106.28,Paid
842,22,Female,51,Pennsylvania,Regular,1/14/2024,1/15/2024,1/19/2024,Laundry,12,7.34,Mixed,Customer Pickup,11337.58,1/15/2024,11337.58,Cash,2494.27,566.88,453.5,566.88,0,35,0,340.13,0,850.32,226.75,5533.73,5803.85,Paid
843,20,Female,46,New York,Student,1/14/2025,1/15/2025,1/19/2025,Laundry,5,2.53,Mixed,Customer Pickup,9696.34,1/15/2025,9696.34,Online Payment,2133.19,387.85,387.85,484.82,0,20,0,290.89,0,727.23,193.93,4625.76,5070.58,Paid
844,31,Male,39,New York,Student,9/4/2025,9/5/2025,9/9/2025,Ironing,24,8.38,Light,Customer Pickup,10139.2,9/5/2025,10139.2,Cash,1825.06,506.96,0,0,0,50,0,304.18,506.96,760.44,202.78,3142.46,6996.74,Paid
845,98,Male,42,District of Columbia,Regular,8/23/2024,8/24/2024,8/28/2024,Mending,12,4,Light,Home Delivery,3580.49,8/28/2024,3580.49,Cash,644.49,143.22,0,0,0,35,143.22,107.41,0,268.54,71.61,1413.49,2167,Paid
846,94,Male,32,Iowa,Regular,5/20/2022,5/21/2022,5/25/2022,Ironing,12,6.31,Mixed,Home Delivery,13716.64,5/25/2022,13716.64,Cash,3017.66,685.83,0,0,0,35,548.67,411.5,0,1028.75,274.33,6001.74,7714.9,Paid
847,76,Male,37,Iowa,Student,12/7/2021,12/8/2021,12/12/2021,Laundry,23,12.81,Mixed,Home Delivery,10801.71,12/8/2021,10801.71,Cash,2376.38,648.1,432.07,540.09,0,50,432.07,324.05,0,810.13,216.03,5828.92,4972.79,Paid
848,98,Male,42,District of Columbia,Regular,8/1/2021,8/2/2021,8/6/2021,Stain Removal,17,4.88,Light,Home Delivery,8979.54,8/6/2021,8979.54,Credit Card,1616.32,359.18,269.39,179.59,359.18,35,359.18,269.39,0,673.47,179.59,4300.29,4679.25,Paid
849,60,Male,19,Georgia,Corporate,2/23/2024,2/24/2024,2/28/2024,Ironing,7,2.25,Light,Customer Pickup,8628.17,2/24/2024,8628.17,Online Payment,1553.07,345.13,0,0,0,20,0,258.85,0,647.11,172.56,2996.72,5631.45,Paid
850,5,Male,29,Texas,Student,4/28/2021,4/29/2021,5/3/2021,Laundry,5,2.86,Mixed,Home Delivery,1066.42,5/3/2021,1066.42,Cash,234.61,42.66,42.66,53.32,0,20,42.66,31.99,0,79.98,21.33,569.21,497.21,Paid
851,46,Male,31,Texas,Regular,1/3/2021,1/4/2021,1/8/2021,Laundry,11,5.86,Mixed,Home Delivery,5805.59,1/4/2021,5805.59,Cash,1277.23,290.28,232.22,290.28,0,35,232.22,174.17,0,435.42,116.11,3082.93,2722.66,Paid
852,15,Male,20,Colorado,Student,6/26/2021,6/27/2021,7/1/2021,Ironing,8,4.82,Mixed,Customer Pickup,4367.84,6/26/2021,4367.84,Online Payment,960.92,174.71,0,0,0,20,0,131.04,0,327.59,87.36,1701.62,2666.22,Paid
853,36,Female,37,Texas,Corporate,1/23/2023,1/24/2023,1/28/2023,Dry Cleaning,8,2.6,Light,Customer Pickup,8386.97,1/24/2023,8386.97,Cash,1509.65,335.48,0,0,503.22,20,0,251.61,0,629.02,167.74,3416.72,4970.25,Paid
854,35,Female,64,Utah,Student,2/6/2024,2/7/2024,2/11/2024,Laundry,14,4.45,Light,Customer Pickup,6848.32,2/7/2024,6848.32,Cash,1232.7,273.93,273.93,342.42,0,35,0,205.45,0,513.62,136.97,3014.02,3834.3,Paid
855,64,Male,27,Florida,Regular,3/21/2023,3/22/2023,3/26/2023,Mending,5,2.62,Mixed,Home Delivery,7544.81,3/26/2023,7544.81,Credit Card,1659.86,301.79,0,0,0,20,301.79,226.34,377.24,565.86,150.9,2849.3,4695.51,Paid
856,18,Female,61,Massachusetts,Regular,7/28/2024,7/29/2024,8/2/2024,Ironing,9,2.91,Light,Customer Pickup,1086.42,8/2/2024,1086.42,Cash,195.56,43.46,0,0,0,20,0,32.59,54.32,81.48,21.73,340.5,745.92,Paid
857,97,Male,29,Alabama,Corporate,6/6/2024,6/7/2024,6/11/2024,Laundry,15,4.07,Light,Customer Pickup,3042.68,6/7/2024,3042.68,Online Payment,547.68,121.71,121.71,152.13,0,35,0,91.28,0,228.2,60.85,1358.56,1684.12,Paid
858,28,Male,36,Oregon,Regular,2/2/2021,2/3/2021,2/7/2021,Stain Removal,8,8.5,Heavy,Customer Pickup,5029.34,2/7/2021,5029.34,Credit Card,1307.63,251.47,150.88,100.59,201.17,20,0,150.88,0,377.2,100.59,2660.41,2368.93,Paid
859,49,Male,29,Alabama,Regular,7/31/2023,8/1/2023,8/5/2023,Dry Cleaning,13,7.91,Mixed,Customer Pickup,9484.62,8/1/2023,9484.62,Online Payment,2086.62,474.23,0,0,569.08,35,0,284.54,0,711.35,189.69,4350.51,5134.11,Paid
860,60,Male,19,Georgia,Corporate,7/19/2025,7/20/2025,7/24/2025,Laundry,13,14.26,Heavy,Home Delivery,13144.02,7/24/2025,13144.02,Online Payment,3417.45,788.64,525.76,657.2,0,35,525.76,394.32,0,985.8,262.88,7592.81,5551.21,Paid
861,51,Female,39,California,Corporate,8/5/2021,8/6/2021,8/10/2021,Ironing,30,18.53,Mixed,Customer Pickup,12411.01,8/10/2021,12411.01,Credit Card,2730.42,744.66,0,0,0,50,0,372.33,0,930.83,248.22,5076.46,7334.55,Paid
862,77,Male,29,District of Columbia,Corporate,11/8/2025,11/9/2025,11/13/2025,Laundry,27,17.35,Mixed,Customer Pickup,2115.75,11/13/2025,2115.75,Cash,465.47,126.95,84.63,105.79,0,50,0,63.47,0,158.68,42.32,1097.31,1018.44,Paid
863,29,Female,54,Florida,Student,1/5/2024,1/6/2024,1/10/2024,Mending,22,12.31,Mixed,Customer Pickup,9619.72,1/5/2024,9619.72,Credit Card,2116.34,577.18,0,0,0,50,0,288.59,0,721.48,192.39,3945.98,5673.74,Paid
864,14,Male,31,Tennessee,Regular,11/13/2022,11/14/2022,11/18/2022,Stain Removal,19,9.89,Mixed,Customer Pickup,4565.81,11/18/2022,4565.81,Cash,1004.48,228.29,136.97,91.32,182.63,35,0,136.97,0,342.44,91.32,2249.42,2316.39,Paid
865,82,Male,32,Florida,Regular,10/9/2025,10/10/2025,10/14/2025,Laundry,16,4.8,Light,Customer Pickup,12168.72,10/14/2025,12168.72,Cash,2190.37,486.75,486.75,608.44,0,35,0,365.06,0,912.65,243.37,5328.39,6840.33,Paid
866,67,Male,39,Illinois,Corporate,8/9/2025,8/10/2025,8/14/2025,Ironing,25,6.43,Light,Home Delivery,14776.85,8/10/2025,14776.85,Cash,2659.83,738.84,0,0,0,50,591.07,443.31,0,1108.26,295.54,5886.85,8890,Paid
867,90,Male,42,North Carolina,Corporate,1/8/2021,1/9/2021,1/13/2021,Ironing,4,2.52,Mixed,Home Delivery,11530.57,1/8/2021,11530.57,Online Payment,2536.73,461.22,0,0,0,20,461.22,345.92,0,864.79,230.61,4920.49,6610.08,Paid
868,50,Male,42,Maryland,Regular,9/9/2025,9/10/2025,9/14/2025,Stain Removal,11,5.67,Mixed,Home Delivery,11929.77,9/14/2025,11929.77,Cash,2624.55,596.49,357.89,238.6,477.19,35,477.19,357.89,0,894.73,238.6,6298.13,5631.64,Paid
869,76,Male,37,Iowa,Student,2/26/2022,2/27/2022,3/3/2022,Ironing,7,2.4,Light,Home Delivery,9765.36,2/27/2022,9765.36,Cash,1757.76,390.61,0,0,0,20,390.61,292.96,0,732.4,195.31,3779.65,5985.71,Paid
870,32,Female,36,New Mexico,Student,10/30/2025,10/31/2025,11/4/2025,Ironing,27,14.87,Mixed,Customer Pickup,4890.52,10/30/2025,4890.52,Online Payment,1075.91,293.43,0,0,0,50,0,146.72,0,366.79,97.81,2030.66,2859.86,Paid
871,29,Female,54,Florida,Student,4/9/2025,4/10/2025,4/14/2025,Laundry,2,0.68,Light,Customer Pickup,6238.7,4/14/2025,6238.7,Online Payment,1122.97,249.55,249.55,311.94,0,20,0,187.16,0,467.9,124.77,2733.84,3504.86,Paid
872,51,Female,39,California,Corporate,10/23/2022,10/24/2022,10/28/2022,Laundry,18,5.39,Light,Customer Pickup,4573.55,10/23/2022,4573.55,Online Payment,823.24,228.68,182.94,228.68,0,35,0,137.21,0,343.02,91.47,2070.24,2503.31,Paid
873,67,Male,39,Illinois,Corporate,1/21/2022,1/22/2022,1/26/2022,Ironing,14,4.59,Light,Customer Pickup,11772.39,1/26/2022,11772.39,Credit Card,2119.03,470.9,0,0,0,35,0,353.17,0,882.93,235.45,4096.48,7675.91,Paid
874,82,Male,32,Florida,Regular,3/13/2021,3/14/2021,3/18/2021,Laundry,15,4.33,Light,Home Delivery,10242.26,3/18/2021,10242.26,Online Payment,1843.61,409.69,409.69,512.11,0,35,409.69,307.27,0,768.17,204.85,4900.08,5342.18,Paid
875,10,Male,22,New Jersey,Regular,2/10/2023,2/11/2023,2/15/2023,Stain Removal,7,4.14,Mixed,Home Delivery,13246.81,2/15/2023,13246.81,Online Payment,2914.3,529.87,397.4,264.94,529.87,20,529.87,397.4,0,993.51,264.94,6842.1,6404.71,Paid
876,1,Female,59,North Carolina,Regular,2/9/2024,2/10/2024,2/14/2024,Laundry,3,1.91,Mixed,Customer Pickup,9023.41,2/14/2024,9023.41,Credit Card,1985.15,360.94,360.94,451.17,0,20,0,270.7,0,676.76,180.47,4306.13,4717.28,Paid
877,75,Male,40,Texas,Student,11/5/2023,11/6/2023,11/10/2023,Stain Removal,23,7.3,Light,Express,2019.33,11/10/2023,2019.33,Cash,363.48,100.97,60.58,40.39,80.77,50,121.16,60.58,0,151.45,40.39,1069.77,949.56,Paid
878,72,Female,58,New Mexico,Student,3/3/2021,3/4/2021,3/8/2021,Ironing,19,11.39,Mixed,Home Delivery,12622.27,3/8/2021,12622.27,Online Payment,2776.9,757.34,0,0,0,35,504.89,378.67,0,946.67,252.45,5651.92,6970.35,Paid
879,33,Female,44,Virginia,Regular,6/18/2023,6/19/2023,6/23/2023,Stain Removal,21,11.41,Mixed,Customer Pickup,3310.8,6/23/2023,3310.8,Credit Card,728.38,198.65,99.32,66.22,132.43,50,0,99.32,0,248.31,66.22,1688.85,1621.95,Paid
880,47,Male,34,Illinois,Student,3/28/2024,3/29/2024,4/2/2024,Dry Cleaning,15,4.45,Light,Express,858.32,4/2/2024,858.32,Cash,154.5,34.33,0,0,51.5,35,51.5,25.75,0,64.37,17.17,434.12,424.2,Paid
881,39,Female,64,Kentucky,Regular,6/14/2022,6/15/2022,6/19/2022,Laundry,21,6.19,Light,Customer Pickup,8037.16,6/19/2022,8037.16,Credit Card,1446.69,401.86,321.49,401.86,0,50,0,241.11,401.86,602.79,160.74,3224.68,4812.48,Paid
882,53,Female,44,Virginia,Student,4/6/2021,4/7/2021,4/11/2021,Ironing,23,24.24,Heavy,Home Delivery,13494.23,4/11/2021,13494.23,Online Payment,3508.5,809.65,0,0,0,50,539.77,404.83,0,1012.07,269.88,6594.7,6899.53,Paid
883,47,Male,34,Illinois,Student,11/7/2022,11/8/2022,11/12/2022,Ironing,27,17.09,Mixed,Customer Pickup,2726.47,11/12/2022,2726.47,Credit Card,599.82,163.59,0,0,0,50,0,81.79,0,204.49,54.53,1154.22,1572.25,Paid
884,77,Male,29,District of Columbia,Corporate,5/2/2024,5/3/2024,5/7/2024,Dry Cleaning,23,7.82,Light,Home Delivery,3501.56,5/2/2024,3501.56,Online Payment,630.28,175.08,0,0,210.09,50,140.06,105.05,0,262.62,70.03,1643.21,1858.35,Paid
885,42,Female,52,Nevada,Student,7/6/2024,7/7/2024,7/11/2024,Stain Removal,15,9.38,Mixed,Home Delivery,4200.19,7/11/2024,4200.19,Cash,924.04,210.01,126.01,84,168.01,35,168.01,126.01,0,315.01,84,2240.1,1960.09,Paid
886,78,Male,22,Florida,Regular,3/7/2021,3/8/2021,3/12/2021,Laundry,26,7.75,Light,Home Delivery,4971.73,3/12/2021,4971.73,Cash,894.91,248.59,198.87,248.59,0,50,198.87,149.15,0,372.88,99.43,2461.29,2510.44,Paid
887,65,Male,44,Michigan,Regular,2/13/2025,2/14/2025,2/18/2025,Dry Cleaning,22,23.56,Heavy,Customer Pickup,7500.1,2/18/2025,7500.1,Credit Card,1950.03,450.01,0,0,450.01,50,0,225,0,562.51,150,3837.56,3662.54,Paid
888,88,Female,48,District of Columbia,Student,5/23/2021,5/24/2021,5/28/2021,Laundry,21,5.39,Light,Home Delivery,13444.65,5/28/2021,13444.65,Credit Card,2420.04,672.23,537.79,672.23,0,50,537.79,403.34,0,1008.35,268.89,6570.66,6873.99,Paid
889,47,Male,34,Illinois,Student,3/3/2023,3/4/2023,3/8/2023,Ironing,18,10.7,Mixed,Customer Pickup,3734.99,3/8/2023,3734.99,Online Payment,821.7,224.1,0,0,0,35,0,112.05,0,280.12,74.7,1547.67,2187.32,Paid
890,70,Female,42,Georgia,Corporate,2/24/2023,2/25/2023,3/1/2023,Mending,8,5.13,Mixed,Home Delivery,14623.37,2/25/2023,14623.37,Online Payment,3217.14,731.17,0,0,0,20,584.93,438.7,0,1096.75,292.47,6381.16,8242.21,Paid
891,9,Female,54,New York,Regular,1/3/2021,1/4/2021,1/8/2021,Laundry,11,6.84,Mixed,Home Delivery,6832.57,1/8/2021,6832.57,Cash,1503.17,341.63,273.3,341.63,0,35,273.3,204.98,0,512.44,136.65,3622.1,3210.47,Paid
892,32,Female,36,New Mexico,Student,3/5/2023,3/6/2023,3/10/2023,Laundry,19,16.55,Heavy,Customer Pickup,12881.3,3/10/2023,12881.3,Online Payment,3349.14,772.88,515.25,644.07,0,35,0,386.44,0,966.1,257.63,6926.51,5954.79,Paid
893,35,Female,64,Utah,Student,4/17/2022,4/18/2022,4/22/2022,Ironing,10,3.25,Light,Home Delivery,5970.29,4/17/2022,5970.29,Credit Card,1074.65,238.81,0,0,0,20,238.81,179.11,0,447.77,119.41,2318.56,3651.73,Paid
894,79,Female,50,Vermont,Regular,2/6/2025,2/7/2025,2/11/2025,Dry Cleaning,20,10.15,Mixed,Home Delivery,13202.84,2/11/2025,13202.84,Credit Card,2904.62,792.17,0,0,792.17,35,528.11,396.09,0,990.21,264.06,6702.43,6500.41,Paid
895,88,Female,48,District of Columbia,Student,5/14/2025,5/15/2025,5/19/2025,Laundry,11,3.84,Light,Home Delivery,14337.06,5/19/2025,14337.06,Cash,2580.67,573.48,573.48,716.85,0,35,573.48,430.11,0,1075.28,286.74,6845.09,7491.97,Paid
896,5,Male,29,Texas,Student,10/31/2022,11/1/2022,11/5/2022,Mending,18,11.21,Mixed,Customer Pickup,13318.87,10/31/2022,13318.87,Online Payment,2930.15,799.13,0,0,0,35,0,399.57,0,998.92,266.38,5429.15,7889.72,Paid
897,58,Female,52,Ohio,Student,7/15/2025,7/16/2025,7/20/2025,Laundry,3,1.55,Mixed,Home Delivery,14139.9,7/16/2025,14139.9,Online Payment,3110.78,565.6,565.6,707,0,20,565.6,424.2,707,1060.49,282.8,6595.07,7544.83,Paid
898,76,Male,37,Iowa,Student,5/13/2021,5/14/2021,5/18/2021,Laundry,14,7.26,Mixed,Express,1332.04,5/13/2021,1332.04,Online Payment,293.05,66.6,53.28,66.6,0,35,79.92,39.96,0,99.9,26.64,760.95,571.09,Paid
899,3,Male,39,Arizona,Student,9/10/2021,9/11/2021,9/15/2021,Dry Cleaning,17,14.96,Heavy,Customer Pickup,2403.33,9/15/2021,2403.33,Credit Card,624.87,144.2,0,0,144.2,35,0,72.1,0,180.25,48.07,1248.69,1154.64,Paid
900,87,Male,34,Ohio,Regular,6/23/2022,6/24/2022,6/28/2022,Laundry,29,18.69,Mixed,Customer Pickup,1497.69,6/24/2022,1497.69,Cash,329.49,89.86,59.91,74.88,0,50,0,44.93,0,112.33,29.95,791.35,706.34,Paid
901,28,Male,36,Oregon,Regular,11/27/2022,11/28/2022,12/2/2022,Stain Removal,12,3.02,Light,Express,4447.77,11/27/2022,4447.77,Credit Card,800.6,177.91,133.43,88.96,177.91,35,266.87,133.43,0,333.58,88.96,2236.65,2211.12,Paid
902,76,Male,37,Iowa,Student,12/8/2025,12/9/2025,12/13/2025,Laundry,22,5.91,Light,Home Delivery,8196.08,12/8/2025,8196.08,Online Payment,1475.29,409.8,327.84,409.8,0,50,327.84,245.88,0,614.71,163.92,4025.08,4171,Paid
903,98,Male,42,District of Columbia,Regular,12/21/2022,12/22/2022,12/26/2022,Laundry,11,6.96,Mixed,Home Delivery,10813.09,12/26/2022,10813.09,Credit Card,2378.88,540.65,432.52,540.65,0,35,432.52,324.39,540.65,810.98,216.26,5171.2,5641.89,Paid
904,62,Male,32,North Carolina,Student,1/6/2023,1/7/2023,1/11/2023,Stain Removal,19,6.42,Light,Customer Pickup,2489.64,1/11/2023,2489.64,Credit Card,448.14,124.48,74.69,49.79,99.59,35,0,74.69,0,186.72,49.79,1142.89,1346.75,Paid
905,12,Female,46,West Virginia,Regular,4/13/2022,4/14/2022,4/18/2022,Ironing,6,1.93,Light,Customer Pickup,7568,4/18/2022,7568,Online Payment,1362.24,302.72,0,0,0,20,0,227.04,0,567.6,151.36,2630.96,4937.04,Paid
906,76,Male,37,Iowa,Student,6/29/2022,6/30/2022,7/4/2022,Laundry,7,2.44,Light,Home Delivery,3486.68,7/4/2022,3486.68,Cash,627.6,139.47,139.47,174.33,0,20,139.47,104.6,0,261.5,69.73,1676.17,1810.51,Paid
907,45,Male,29,Georgia,Regular,11/19/2025,11/20/2025,11/24/2025,Stain Removal,25,8.09,Light,Customer Pickup,7032.16,11/20/2025,7032.16,Cash,1265.79,351.61,210.96,140.64,281.29,50,0,210.96,0,527.41,140.64,3179.3,3852.86,Paid
908,93,Female,35,North Carolina,Regular,4/2/2022,4/3/2022,4/7/2022,Laundry,6,1.95,Light,Customer Pickup,4725.34,4/7/2022,4725.34,Online Payment,850.56,189.01,189.01,236.27,0,20,0,141.76,0,354.4,94.51,2075.52,2649.82,Paid
909,31,Male,39,New York,Student,4/22/2023,4/23/2023,4/27/2023,Laundry,6,3.46,Mixed,Customer Pickup,2951.56,4/27/2023,2951.56,Cash,649.34,118.06,118.06,147.58,0,20,0,88.55,0,221.37,59.03,1421.99,1529.57,Paid
910,77,Male,29,District of Columbia,Corporate,6/14/2021,6/15/2021,6/19/2021,Laundry,9,4.94,Mixed,Customer Pickup,1950.01,6/19/2021,1950.01,Cash,429,78,78,97.5,0,20,0,58.5,0,146.25,39,946.25,1003.76,Paid
911,90,Male,42,North Carolina,Corporate,8/17/2021,8/18/2021,8/22/2021,Ironing,16,4.15,Light,Customer Pickup,2353.54,8/22/2021,2353.54,Credit Card,423.64,94.14,0,0,0,35,0,70.61,0,176.52,47.07,846.98,1506.56,Paid
912,19,Male,20,Georgia,Student,11/8/2024,11/9/2024,11/13/2024,Dry Cleaning,7,4,Mixed,Home Delivery,8271.95,11/13/2024,8271.95,Credit Card,1819.83,330.88,0,0,496.32,20,330.88,248.16,0,620.4,165.44,4031.91,4240.04,Paid
913,23,Male,34,California,Student,9/18/2023,9/19/2023,9/23/2023,Dry Cleaning,5,2.6,Mixed,Express,4224.94,9/23/2023,4224.94,Cash,929.49,169,0,0,253.5,20,253.5,126.75,0,316.87,84.5,2153.61,2071.33,Paid
914,56,Female,57,Georgia,Regular,5/2/2023,5/3/2023,5/7/2023,Dry Cleaning,27,7.28,Light,Customer Pickup,12458.37,5/3/2023,12458.37,Cash,2242.51,622.92,0,0,747.5,50,0,373.75,0,934.38,249.17,5220.23,7238.14,Paid
915,14,Male,31,Tennessee,Regular,1/11/2021,1/12/2021,1/16/2021,Ironing,29,17.13,Mixed,Express,7032.64,1/16/2021,7032.64,Cash,1547.18,421.96,0,0,0,50,421.96,210.98,351.63,527.45,140.65,2968.55,4064.09,Paid
916,98,Male,42,District of Columbia,Regular,4/24/2022,4/25/2022,4/29/2022,Ironing,28,15.8,Mixed,Home Delivery,10133.43,4/29/2022,10133.43,Credit Card,2229.35,608.01,0,0,0,50,405.34,304,0,760.01,202.67,4559.38,5574.05,Paid
917,51,Female,39,California,Corporate,2/8/2023,2/9/2023,2/13/2023,Laundry,27,7.64,Light,Home Delivery,4969.94,2/8/2023,4969.94,Credit Card,894.59,248.5,198.8,248.5,0,50,198.8,149.1,0,372.75,99.4,2460.44,2509.5,Paid
918,60,Male,19,Georgia,Corporate,4/17/2024,4/18/2024,4/22/2024,Laundry,23,12.74,Mixed,Home Delivery,14210.2,4/18/2024,14210.2,Cash,3126.24,852.61,568.41,710.51,0,50,568.41,426.31,0,1065.77,284.2,7652.46,6557.74,Paid
919,46,Male,31,Texas,Regular,8/19/2021,8/20/2021,8/24/2021,Dry Cleaning,16,5.3,Light,Customer Pickup,3339.03,8/24/2021,3339.03,Cash,601.03,166.95,0,0,200.34,35,0,100.17,0,250.43,66.78,1420.7,1918.33,Paid
920,50,Male,42,Maryland,Regular,9/27/2021,9/28/2021,10/2/2021,Laundry,5,5.47,Heavy,Customer Pickup,5208.68,10/2/2021,5208.68,Online Payment,1354.26,260.43,208.35,260.43,0,20,0,156.26,0,390.65,104.17,2754.55,2454.13,Paid
921,9,Female,54,New York,Regular,8/16/2021,8/17/2021,8/21/2021,Laundry,23,13.06,Mixed,Customer Pickup,3831.46,8/16/2021,3831.46,Online Payment,842.92,229.89,153.26,191.57,0,50,0,114.94,0,287.36,76.63,1946.57,1884.89,Paid
922,97,Male,29,Alabama,Corporate,2/22/2025,2/23/2025,2/27/2025,Dry Cleaning,19,10.45,Mixed,Home Delivery,14993.64,2/23/2025,14993.64,Online Payment,3298.6,899.62,0,0,899.62,35,599.75,449.81,0,1124.52,299.87,7606.79,7386.85,Paid
923,58,Female,52,Ohio,Student,10/3/2023,10/4/2023,10/8/2023,Laundry,22,12.01,Mixed,Customer Pickup,3002.25,10/8/2023,3002.25,Cash,660.5,180.14,120.09,150.11,0,50,0,90.07,0,225.17,60.05,1536.13,1466.12,Paid
924,99,Female,51,Indiana,Student,5/1/2021,5/2/2021,5/6/2021,Stain Removal,6,3.48,Mixed,Home Delivery,5165.36,5/1/2021,5165.36,Online Payment,1136.38,206.61,154.96,103.31,206.61,20,206.61,154.96,0,387.4,103.31,2680.15,2485.21,Paid
925,18,Female,61,Massachusetts,Regular,5/27/2022,5/28/2022,6/1/2022,Dry Cleaning,8,2.58,Light,Customer Pickup,6427.73,5/27/2022,6427.73,Online Payment,1156.99,257.11,0,0,385.66,20,0,192.83,321.39,482.08,128.55,2301.83,4125.9,Paid
926,95,Male,34,Nevada,Regular,8/3/2023,8/4/2023,8/8/2023,Ironing,25,20.43,Heavy,Home Delivery,5499.49,8/3/2023,5499.49,Online Payment,1429.87,329.97,0,0,0,50,219.98,164.98,0,412.46,109.99,2717.25,2782.24,Paid
927,18,Female,61,Massachusetts,Regular,11/11/2021,11/12/2021,11/16/2021,Laundry,25,12.88,Mixed,Customer Pickup,4223.57,11/11/2021,4223.57,Online Payment,929.19,253.41,168.94,211.18,0,50,0,126.71,0,316.77,84.47,2140.67,2082.9,Paid
928,4,Male,26,Washington,Regular,5/25/2023,5/26/2023,5/30/2023,Laundry,21,11.56,Mixed,Customer Pickup,805.46,5/26/2023,805.46,Cash,177.2,48.33,32.22,40.27,0,50,0,24.16,0,60.41,16.11,448.7,356.76,Paid
929,65,Male,44,Michigan,Regular,4/26/2022,4/27/2022,5/1/2022,Laundry,12,6.69,Mixed,Express,9671.76,5/1/2022,9671.76,Online Payment,2127.79,483.59,386.87,483.59,0,35,580.31,290.15,0,725.38,193.44,5306.12,4365.64,Paid
930,14,Male,31,Tennessee,Regular,8/11/2022,8/12/2022,8/16/2022,Stain Removal,18,11.43,Mixed,Customer Pickup,8783.06,8/11/2022,8783.06,Online Payment,1932.27,526.98,263.49,175.66,351.32,35,0,263.49,0,658.73,175.66,4382.6,4400.46,Paid
931,73,Female,60,Ohio,Regular,2/28/2021,3/1/2021,3/5/2021,Ironing,10,2.85,Light,Home Delivery,13598.65,3/5/2021,13598.65,Credit Card,2447.76,543.95,0,0,0,20,543.95,407.96,0,1019.9,271.97,5255.49,8343.16,Paid
932,22,Female,51,Pennsylvania,Regular,6/20/2021,6/21/2021,6/25/2021,Laundry,14,7.09,Mixed,Home Delivery,9046.77,6/25/2021,9046.77,Cash,1990.29,452.34,361.87,452.34,0,35,361.87,271.4,0,678.51,180.94,4784.56,4262.21,Paid
933,91,Female,50,Indiana,Walk-in,5/11/2025,5/12/2025,5/16/2025,Laundry,4,1.07,Light,Home Delivery,6931.8,5/11/2025,6931.8,Online Payment,1247.72,277.27,277.27,346.59,0,20,277.27,207.95,0,519.89,138.64,3312.6,3619.2,Paid
934,90,Male,42,North Carolina,Corporate,6/12/2025,6/13/2025,6/17/2025,Stain Removal,12,7.36,Mixed,Customer Pickup,12131.76,6/13/2025,12131.76,Cash,2668.99,606.59,363.95,242.64,485.27,35,0,363.95,0,909.88,242.64,5918.91,6212.85,Paid
935,75,Male,40,Texas,Student,2/7/2022,2/8/2022,2/12/2022,Laundry,10,5.35,Mixed,Home Delivery,5255.87,2/12/2022,5255.87,Cash,1156.29,262.79,210.23,262.79,0,20,210.23,157.68,0,394.19,105.12,2779.32,2476.55,Paid
936,4,Male,26,Washington,Regular,9/17/2024,9/18/2024,9/22/2024,Laundry,6,6.45,Heavy,Home Delivery,13231.55,9/22/2024,13231.55,Credit Card,3440.2,661.58,529.26,661.58,0,20,529.26,396.95,0,992.37,264.63,7495.83,5735.72,Paid
937,96,Male,27,Florida,Corporate,3/20/2021,3/21/2021,3/25/2021,Laundry,12,4.06,Light,Customer Pickup,12214.14,3/20/2021,12214.14,Online Payment,2198.55,488.57,488.57,610.71,0,35,0,366.42,0,916.06,244.28,5348.16,6865.98,Paid
938,67,Male,39,Illinois,Corporate,11/5/2022,11/6/2022,11/10/2022,Laundry,16,9.62,Mixed,Customer Pickup,9897.2,11/6/2022,9897.2,Cash,2177.38,494.86,395.89,494.86,0,35,0,296.92,0,742.29,197.94,4835.14,5062.06,Paid
939,48,Female,47,Florida,Student,6/11/2025,6/12/2025,6/16/2025,Laundry,23,13.99,Mixed,Customer Pickup,4289.07,6/16/2025,4289.07,Online Payment,943.6,257.34,171.56,214.45,0,50,0,128.67,0,321.68,85.78,2173.08,2115.99,Paid
940,36,Female,37,Texas,Corporate,12/1/2023,12/2/2023,12/6/2023,Dry Cleaning,2,0.61,Light,Home Delivery,5656.51,12/6/2023,5656.51,Cash,1018.17,226.26,0,0,339.39,20,226.26,169.7,0,424.24,113.13,2537.15,3119.36,Paid
941,37,Male,29,Georgia,Student,10/14/2025,10/15/2025,10/19/2025,Dry Cleaning,21,12.74,Mixed,Customer Pickup,695.35,10/19/2025,695.35,Cash,152.98,41.72,0,0,41.72,50,0,20.86,0,52.15,13.91,373.34,322.01,Paid
942,78,Male,22,Florida,Regular,9/15/2023,9/16/2023,9/20/2023,Stain Removal,28,9.34,Light,Customer Pickup,13395.21,9/20/2023,13395.21,Cash,2411.14,669.76,401.86,267.9,535.81,50,0,401.86,0,1004.64,267.9,6010.87,7384.34,Paid
943,75,Male,40,Texas,Student,12/31/2023,1/1/2024,1/5/2024,Dry Cleaning,18,4.59,Light,Home Delivery,8645.64,1/5/2024,8645.64,Credit Card,1556.22,345.83,0,0,518.74,35,345.83,259.37,432.28,648.42,172.91,3450.04,5195.6,Paid
944,43,Male,34,California,Regular,3/1/2021,3/2/2021,3/6/2021,Laundry,26,15.85,Mixed,Home Delivery,4152.26,3/1/2021,4152.26,Online Payment,913.5,249.14,166.09,207.61,0,50,166.09,124.57,0,311.42,83.05,2271.47,1880.79,Paid
945,89,Female,35,Texas,Student,12/17/2024,12/18/2024,12/22/2024,Dry Cleaning,24,13.84,Mixed,Customer Pickup,12654.9,12/18/2024,12654.9,Cash,2784.08,759.29,0,0,759.29,50,0,379.65,0,949.12,253.1,5934.53,6720.37,Paid
946,15,Male,20,Colorado,Student,6/12/2023,6/13/2023,6/17/2023,Dry Cleaning,3,1.67,Mixed,Customer Pickup,2583.98,6/17/2023,2583.98,Cash,568.48,103.36,0,0,155.04,20,0,77.52,0,193.8,51.68,1169.88,1414.1,Paid
947,8,Male,26,South Carolina,Corporate,11/4/2024,11/5/2024,11/9/2024,Mending,21,11.44,Mixed,Customer Pickup,13753.91,11/9/2024,13753.91,Cash,3025.86,825.23,0,0,0,50,0,412.62,0,1031.54,275.08,5620.33,8133.58,Paid
948,93,Female,35,North Carolina,Regular,2/12/2023,2/13/2023,2/17/2023,Ironing,9,2.6,Light,Customer Pickup,12673.32,2/17/2023,12673.32,Cash,2281.2,506.93,0,0,0,20,0,380.2,0,950.5,253.47,4392.3,8281.02,Paid
949,41,Female,54,California,Corporate,2/22/2025,2/23/2025,2/27/2025,Laundry,9,4.55,Mixed,Customer Pickup,1292.34,2/27/2025,1292.34,Cash,284.31,51.69,51.69,64.62,0,20,0,38.77,0,96.93,25.85,633.86,658.48,Paid
950,26,Male,31,Texas,Student,5/21/2022,5/22/2022,5/26/2022,Dry Cleaning,12,3.03,Light,Home Delivery,8164.33,5/22/2022,8164.33,Cash,1469.58,326.57,0,0,489.86,35,326.57,244.93,0,612.32,163.29,3668.12,4496.21,Paid
951,8,Male,26,South Carolina,Corporate,11/10/2023,11/11/2023,11/15/2023,Laundry,29,23.45,Heavy,Customer Pickup,6522.91,11/15/2023,6522.91,Cash,1695.96,391.37,260.92,326.15,0,50,0,195.69,0,489.22,130.46,3539.77,2983.14,Paid
952,60,Male,19,Georgia,Corporate,4/22/2024,4/23/2024,4/27/2024,Dry Cleaning,9,4.58,Mixed,Home Delivery,11195.93,4/27/2024,11195.93,Credit Card,2463.1,447.84,0,0,671.76,20,447.84,335.88,0,839.69,223.92,5450.03,5745.9,Paid
953,74,Male,22,Georgia,Regular,4/12/2021,4/13/2021,4/17/2021,Ironing,28,14.91,Mixed,Customer Pickup,4492.43,4/17/2021,4492.43,Cash,988.33,269.55,0,0,0,50,0,134.77,0,336.93,89.85,1869.43,2623,Paid
954,93,Female,35,North Carolina,Regular,6/18/2024,6/19/2024,6/23/2024,Dry Cleaning,27,17.15,Mixed,Home Delivery,5459.51,,0,Unpaid,1201.09,327.57,0,0,327.57,50,218.38,163.79,0,409.46,109.19,2807.05,2652.46,Unpaid
955,39,Female,64,Kentucky,Regular,8/28/2021,8/29/2021,9/2/2021,Mending,13,4.36,Light,Customer Pickup,6578.53,,0,Unpaid,1184.14,263.14,0,0,0,35,0,197.36,0,493.39,131.57,2304.6,4273.93,Unpaid
956,17,Male,44,Illinois,Student,3/19/2023,3/20/2023,3/24/2023,Dry Cleaning,2,0.62,Light,Home Delivery,4915.21,,0,Unpaid,884.74,196.61,0,0,294.91,20,196.61,147.46,245.76,368.64,98.3,1961.51,2953.7,Unpaid
957,69,Male,44,Illinois,Student,6/3/2023,6/4/2023,6/8/2023,Dry Cleaning,16,14.34,Heavy,Customer Pickup,7047.09,,0,Unpaid,1832.24,422.83,0,0,422.83,35,0,211.41,0,528.53,140.94,3593.78,3453.31,Unpaid
958,93,Female,35,North Carolina,Regular,8/3/2024,8/4/2024,8/8/2024,Laundry,6,3.79,Mixed,Customer Pickup,12097.32,,0,Unpaid,2661.41,483.89,483.89,604.87,0,20,0,362.92,0,907.3,241.95,5766.23,6331.09,Unpaid
959,58,Female,52,Ohio,Student,5/4/2024,5/5/2024,5/9/2024,Dry Cleaning,7,3.93,Mixed,Customer Pickup,561.2,,0,Unpaid,123.46,22.45,0,0,33.67,20,0,16.84,0,42.09,11.22,269.73,291.47,Unpaid
960,10,Male,22,New Jersey,Regular,9/29/2021,9/30/2021,10/4/2021,Laundry,10,2.91,Light,Customer Pickup,10370.73,,0,Unpaid,1866.73,414.83,414.83,518.54,0,20,0,311.12,0,777.8,207.41,4531.26,5839.47,Unpaid
961,76,Male,37,Iowa,Student,8/10/2021,8/11/2021,8/15/2021,Laundry,19,11.88,Mixed,Home Delivery,1980.88,,0,Unpaid,435.79,118.85,79.24,99.04,0,35,79.24,59.43,0,148.57,39.62,1094.78,886.1,Unpaid
962,51,Female,39,California,Corporate,9/21/2021,9/22/2021,9/26/2021,Laundry,17,5.84,Light,Home Delivery,5923.84,,0,Unpaid,1066.29,296.19,236.95,296.19,0,35,236.95,177.72,0,444.29,118.48,2908.06,3015.78,Unpaid
963,25,Male,44,Tennessee,Student,12/29/2023,12/30/2023,1/3/2024,Laundry,14,11.96,Heavy,Customer Pickup,8851.46,,0,Unpaid,2301.38,531.09,354.06,442.57,0,35,0,265.54,0,663.86,177.03,4770.53,4080.93,Unpaid
964,72,Female,58,New Mexico,Student,7/2/2023,7/3/2023,7/7/2023,Laundry,12,3.12,Light,Customer Pickup,1604.71,,0,Unpaid,288.85,64.19,64.19,80.24,0,35,0,48.14,0,120.35,32.09,733.05,871.66,Unpaid
965,85,Male,24,Massachusetts,Student,12/5/2021,12/6/2021,12/10/2021,Dry Cleaning,24,15.41,Mixed,Customer Pickup,1297.01,,0,Unpaid,285.34,77.82,0,0,77.82,50,0,38.91,0,97.28,25.94,653.11,643.9,Unpaid
966,8,Male,26,South Carolina,Corporate,1/10/2025,1/11/2025,1/15/2025,Laundry,27,7.95,Light,Customer Pickup,10390.89,,0,Unpaid,1870.36,519.54,415.64,519.54,0,50,0,311.73,0,779.32,207.82,4673.95,5716.94,Unpaid
967,85,Male,24,Massachusetts,Student,5/4/2022,5/5/2022,5/9/2022,Laundry,27,24.66,Heavy,Home Delivery,11214.92,,0,Unpaid,2915.88,672.9,448.6,560.75,0,50,448.6,336.45,0,841.12,224.3,6498.6,4716.32,Unpaid
968,98,Male,42,District of Columbia,Regular,12/13/2023,12/14/2023,12/18/2023,Ironing,12,3.67,Light,Customer Pickup,3135.4,,0,Unpaid,564.37,125.42,0,0,0,35,0,94.06,0,235.16,62.71,1116.72,2018.68,Unpaid
969,36,Female,37,Texas,Corporate,10/9/2023,10/10/2023,10/14/2023,Stain Removal,14,13.94,Heavy,Home Delivery,11530.78,,0,Unpaid,2998,691.85,345.92,230.62,461.23,35,461.23,345.92,0,864.81,230.62,6665.2,4865.58,Unpaid
970,87,Male,34,Ohio,Regular,6/25/2025,6/26/2025,6/30/2025,Laundry,18,10.6,Mixed,Home Delivery,12767.52,,0,Unpaid,2808.85,766.05,510.7,638.38,0,35,510.7,383.03,0,957.56,255.35,6865.62,5901.9,Unpaid
971,24,Female,47,District of Columbia,Regular,2/17/2021,2/18/2021,2/22/2021,Laundry,2,1,Mixed,Customer Pickup,14238.91,,0,Unpaid,3132.56,569.56,569.56,711.95,0,20,0,427.17,0,1067.92,284.78,6783.5,7455.41,Unpaid
972,60,Male,19,Georgia,Corporate,9/1/2022,9/2/2022,9/6/2022,Laundry,17,9.08,Mixed,Customer Pickup,2330.91,,0,Unpaid,512.8,116.55,93.24,116.55,0,35,0,69.93,0,174.82,46.62,1165.51,1165.4,Unpaid
973,27,Male,34,Kansas,Regular,10/11/2024,10/12/2024,10/16/2024,Laundry,9,4.68,Mixed,Home Delivery,12359.8,,0,Unpaid,2719.16,494.39,494.39,617.99,0,20,494.39,370.79,0,926.99,247.2,6385.3,5974.5,Unpaid
974,56,Female,57,Georgia,Regular,11/21/2023,11/22/2023,11/26/2023,Dry Cleaning,5,1.75,Light,Customer Pickup,13511.4,,0,Unpaid,2432.05,540.46,0,0,810.68,20,0,405.34,0,1013.36,270.23,5492.12,8019.28,Unpaid
975,96,Male,27,Florida,Corporate,6/6/2021,6/7/2021,6/11/2021,Laundry,8,4.69,Mixed,Home Delivery,7741.22,,0,Unpaid,1703.07,309.65,309.65,387.06,0,20,309.65,232.24,0,580.59,154.82,4006.73,3734.49,Unpaid
976,11,Female,49,Kentucky,Regular,7/8/2022,7/9/2022,7/13/2022,Dry Cleaning,25,15.83,Mixed,Customer Pickup,948.21,,0,Unpaid,208.61,56.89,0,0,56.89,50,0,28.45,0,71.12,18.96,490.92,457.29,Unpaid
977,69,Male,44,Illinois,Student,12/10/2021,12/11/2021,12/15/2021,Ironing,13,7.9,Mixed,Home Delivery,2755.7,,0,Unpaid,606.25,137.79,0,0,0,35,110.23,82.67,0,206.68,55.11,1233.73,1521.97,Unpaid
978,10,Male,22,New Jersey,Regular,3/30/2021,3/31/2021,4/4/2021,Laundry,5,3.19,Mixed,Customer Pickup,3135.32,,0,Unpaid,689.77,125.41,125.41,156.77,0,20,0,94.06,0,235.15,62.71,1509.28,1626.04,Unpaid
979,45,Male,29,Georgia,Regular,5/14/2025,5/15/2025,5/19/2025,Laundry,3,2.82,Heavy,Customer Pickup,2209.23,,0,Unpaid,574.4,88.37,88.37,110.46,0,20,0,66.28,0,165.69,44.18,1157.75,1051.48,Unpaid
980,93,Female,35,North Carolina,Regular,9/28/2021,9/29/2021,10/3/2021,Laundry,10,5.81,Mixed,Express,11869.95,,0,Unpaid,2611.39,593.5,474.8,593.5,0,20,712.2,356.1,0,890.25,237.4,6489.14,5380.81,Unpaid
981,29,Female,54,Florida,Student,8/17/2023,8/18/2023,8/22/2023,Stain Removal,30,16.45,Mixed,Customer Pickup,12239.58,,0,Unpaid,2692.71,734.37,367.19,244.79,489.58,50,0,367.19,0,917.97,244.79,6108.59,6130.99,Unpaid
982,66,Male,42,New York,Student,3/30/2021,3/31/2021,4/4/2021,Laundry,3,1.05,Light,Customer Pickup,7204.19,,0,Unpaid,1296.75,288.17,288.17,360.21,0,20,0,216.13,0,540.31,144.08,3153.82,4050.37,Unpaid
983,41,Female,54,California,Corporate,6/24/2021,6/25/2021,6/29/2021,Dry Cleaning,22,7.63,Light,Customer Pickup,9734.49,,0,Unpaid,1752.21,486.72,0,0,584.07,50,0,292.03,0,730.09,194.69,4089.81,5644.68,Unpaid
984,9,Female,54,New York,Regular,9/17/2022,9/18/2022,9/22/2022,Laundry,22,13.87,Mixed,Customer Pickup,8339.3,,0,Unpaid,1834.65,500.36,333.57,416.97,0,50,0,250.18,0,625.45,166.79,4177.97,4161.33,Unpaid
985,20,Female,46,New York,Student,8/18/2025,8/19/2025,8/23/2025,Laundry,26,14.76,Mixed,Customer Pickup,13623.8,,0,Unpaid,2997.24,817.43,544.95,681.19,0,50,0,408.71,0,1021.79,272.48,6793.79,6830.01,Unpaid
986,73,Female,60,Ohio,Regular,3/7/2024,3/8/2024,3/12/2024,Dry Cleaning,13,4.1,Light,Customer Pickup,9769.68,,0,Unpaid,1758.54,390.79,0,0,586.18,35,0,293.09,0,732.73,195.39,3991.72,5777.96,Unpaid
987,5,Male,29,Texas,Student,9/2/2022,9/3/2022,9/7/2022,Ironing,7,4.44,Mixed,Customer Pickup,7232.5,,0,Unpaid,1591.15,289.3,0,0,0,20,0,216.98,0,542.44,144.65,2804.52,4427.98,Unpaid
988,6,Male,31,Pennsylvania,Regular,3/26/2024,3/27/2024,3/31/2024,Laundry,6,3.49,Mixed,Customer Pickup,12066.81,,0,Unpaid,2654.7,482.67,482.67,603.34,0,20,0,362,0,905.01,241.34,5751.73,6315.08,Unpaid
989,15,Male,20,Colorado,Student,1/14/2024,1/15/2024,1/19/2024,Laundry,15,12.05,Heavy,Customer Pickup,7674.83,,0,Unpaid,1995.46,460.49,306.99,383.74,0,35,0,230.24,0,575.61,153.5,4141.03,3533.8,Unpaid
990,58,Female,52,Ohio,Student,8/12/2025,8/13/2025,8/17/2025,Dry Cleaning,11,3.23,Light,Customer Pickup,8070.45,,0,Unpaid,1452.68,322.82,0,0,484.23,35,0,242.11,0,605.28,161.41,3303.53,4766.92,Unpaid
991,41,Female,54,California,Corporate,10/10/2022,10/11/2022,10/15/2022,Laundry,19,9.86,Mixed,Express,10567.06,,0,Unpaid,2324.75,528.35,422.68,528.35,0,35,634.02,317.01,528.35,792.53,211.34,5265.68,5301.38,Unpaid
992,32,Female,36,New Mexico,Student,4/17/2022,4/18/2022,4/22/2022,Dry Cleaning,22,19.83,Heavy,Home Delivery,1981.99,,0,Unpaid,515.32,118.92,0,0,118.92,50,79.28,59.46,99.1,148.65,39.64,1031.09,950.9,Unpaid
993,38,Male,22,New York,Student,12/22/2023,12/23/2023,12/27/2023,Laundry,23,12.57,Mixed,Customer Pickup,9223.34,,0,Unpaid,2029.13,553.4,368.93,461.17,0,50,0,276.7,0,691.75,184.47,4615.55,4607.79,Unpaid
994,94,Male,32,Iowa,Regular,7/3/2021,7/4/2021,7/8/2021,Laundry,30,17.43,Mixed,Customer Pickup,7432.38,,0,Unpaid,1635.12,445.94,297.3,371.62,0,50,0,222.97,0,557.43,148.65,3729.03,3703.35,Unpaid
995,53,Female,44,Virginia,Student,5/2/2022,5/3/2022,5/7/2022,Stain Removal,2,1.23,Mixed,Customer Pickup,11502.43,,0,Unpaid,2530.53,460.1,345.07,230.05,460.1,20,0,345.07,0,862.68,230.05,5483.65,6018.78,Unpaid
996,82,Male,32,Florida,Regular,11/28/2024,11/29/2024,12/3/2024,Ironing,9,4.77,Mixed,Customer Pickup,14223.43,,0,Unpaid,3129.15,568.94,0,0,0,20,0,426.7,0,1066.76,284.47,5496.02,8727.41,Unpaid
997,51,Female,39,California,Corporate,1/18/2021,1/19/2021,1/23/2021,Laundry,16,9.67,Mixed,Home Delivery,13478.86,,0,Unpaid,2965.35,673.94,539.15,673.94,0,35,539.15,404.37,0,1010.91,269.58,7111.39,6367.47,Unpaid
998,8,Male,26,South Carolina,Corporate,8/22/2022,8/23/2022,8/27/2022,Laundry,11,6.96,Mixed,Express,8649.88,,0,Unpaid,1902.97,432.49,346,432.49,0,35,518.99,259.5,432.49,648.74,173,4316.69,4333.19,Unpaid
999,89,Female,35,Texas,Student,11/23/2023,11/24/2023,11/28/2023,Ironing,26,7.38,Light,Home Delivery,5196.71,,0,Unpaid,935.41,259.84,0,0,0,50,207.87,155.9,0,389.75,103.93,2102.7,3094.01,Unpaid
1000,19,Male,20,Georgia,Student,4/6/2021,4/7/2021,4/11/2021,Laundry,25,6.36,Light,Customer Pickup,8977.36,,0,Unpaid,1615.92,448.87,359.09,448.87,0,50,0,269.32,0,673.3,179.55,4044.92,4932.44,Unpaid
